outer_fold,system_id,replica,sample_id,target,unit,target_valid,true_value,pred_trained_mean,pred_last_value_persistence,pred_ridge_alpha_nested,ridge_selected_alpha
1,1k5n_A,1,1k5n_A_R1,rmsd,A,True,11.06147206822663,2.6897662428330094,4.998039113916725,5.824612857416417,10.0
1,1k5n_A,1,1k5n_A_R1,rg,A,True,27.10489807007858,18.684130091786738,25.64724440020791,27.7964761404145,10.0
1,1k5n_A,1,1k5n_A_R1,sasa,A2,True,16547.46871253945,10087.647066290769,16631.723945832346,15630.540842375109,10.0
1,1k5n_A,1,1k5n_A_R1,helix,fraction,False,nan,0.3117038345431405,0.2391304347826087,0.20098900064823022,10.0
1,1k5n_A,1,1k5n_A_R1,strand,fraction,False,nan,0.25305700665544495,0.3840579710144927,0.32893910102599117,10.0
1,1k5n_A,2,1k5n_A_R2,rmsd,A,False,nan,2.6897662428330094,4.57278805874241,5.115651148414296,10.0
1,1k5n_A,2,1k5n_A_R2,rg,A,True,24.188888095204007,18.684130091786738,24.371879587114137,24.262431975104434,10.0
1,1k5n_A,2,1k5n_A_R2,sasa,A2,True,16305.244494226932,10087.647066290769,15943.169624061557,16747.14035295287,10.0
1,1k5n_A,2,1k5n_A_R2,helix,fraction,True,0.2725452898550725,0.3117038345431405,0.2644927536231884,0.22821600661831057,10.0
1,1k5n_A,2,1k5n_A_R2,strand,fraction,True,0.3986956521739129,0.25305700665544495,0.3840579710144927,0.3483603776175061,10.0
1,1k5n_A,3,1k5n_A_R3,rmsd,A,True,4.929071630846816,2.6897662428330094,5.3649899880455285,5.83424689571075,10.0
1,1k5n_A,3,1k5n_A_R3,rg,A,False,nan,18.684130091786738,25.99460361179184,25.28901020778511,10.0
1,1k5n_A,3,1k5n_A_R3,sasa,A2,True,16620.960754927888,10087.647066290769,16561.042904329952,16332.34752538079,10.0
1,1k5n_A,3,1k5n_A_R3,helix,fraction,True,0.2644313436502088,0.3117038345431405,0.2681159420289855,0.18539339104254546,10.0
1,1k5n_A,3,1k5n_A_R3,strand,fraction,True,0.392397445345124,0.25305700665544495,0.3985507246376811,0.3607794428173227,10.0
2,1bzy_A,1,1bzy_A_R1,rmsd,A,False,nan,3.0293203420943775,1.7261810595260745,2.54388737693891,1.0
2,1bzy_A,1,1bzy_A_R1,rg,A,True,18.410482418978525,19.335864769993897,17.630809927711226,18.102418573239834,1.0
2,1bzy_A,1,1bzy_A_R1,sasa,A2,True,12400.376582695031,10505.27816949232,11442.442089528777,11415.376690144845,1.0
2,1bzy_A,1,1bzy_A_R1,helix,fraction,True,0.2956353810960448,0.31036542897035846,0.2995391705069124,0.28748621747244607,1.0
2,1bzy_A,1,1bzy_A_R1,strand,fraction,True,0.328796870337831,0.25716250453469136,0.3271889400921659,0.31956615504876273,1.0
2,1bzy_A,2,1bzy_A_R2,rmsd,A,False,nan,3.0293203420943775,1.519677016155077,1.3485175677712267,1.0
2,1bzy_A,2,1bzy_A_R2,rg,A,False,nan,19.335864769993897,17.788383009687557,18.35311821716238,1.0
2,1bzy_A,2,1bzy_A_R2,sasa,A2,True,11907.502107304344,10505.27816949232,11829.963696445338,12020.890960806139,1.0
2,1bzy_A,2,1bzy_A_R2,helix,fraction,False,nan,0.31036542897035846,0.2995391705069124,0.2795200570970171,1.0
2,1bzy_A,2,1bzy_A_R2,strand,fraction,False,nan,0.25716250453469136,0.3179723502304147,0.29350850736984785,1.0
2,1bzy_A,3,1bzy_A_R3,rmsd,A,True,2.09549218061529,3.0293203420943775,1.4896915460426152,1.5631363833955179,1.0
2,1bzy_A,3,1bzy_A_R3,rg,A,True,17.893406147539448,19.335864769993897,17.793204187749453,18.303728671530386,1.0
2,1bzy_A,3,1bzy_A_R3,sasa,A2,True,11801.59996924524,10505.27816949232,11730.812670686282,11617.818071495725,1.0
2,1bzy_A,3,1bzy_A_R3,helix,fraction,True,0.2962158808933002,0.31036542897035846,0.2949308755760368,0.2641143124082283,1.0
2,1bzy_A,3,1bzy_A_R3,strand,fraction,True,0.2939708141321044,0.25716250453469136,0.336405529953917,0.31386632818219845,1.0
3,4zya_A,1,4zya_A_R1,rmsd,A,False,nan,3.0672272511651233,2.1040430323764268,3.3956590377261024,1.0
3,4zya_A,1,4zya_A_R1,rg,A,True,13.008190553022242,19.50085782180647,13.047023798657955,13.357247962545747,1.0
3,4zya_A,1,4zya_A_R1,sasa,A2,False,nan,10770.338464536402,6032.820028392598,6253.474809407792,1.0
3,4zya_A,1,4zya_A_R1,helix,fraction,True,0.2866272049945518,0.3132425005683234,0.2727272727272727,0.2669463096346761,1.0
3,4zya_A,1,4zya_A_R1,strand,fraction,True,0.1683894336955561,0.2669441587529015,0.1948051948051948,0.16381241673688687,1.0
3,4zya_A,2,4zya_A_R2,rmsd,A,True,2.152099257416308,3.0672272511651233,1.822377567901416,2.3860575873166163,1.0
3,4zya_A,2,4zya_A_R2,rg,A,False,nan,19.50085782180647,13.02544770970023,12.82141356453658,1.0
3,4zya_A,2,4zya_A_R2,sasa,A2,False,nan,10770.338464536402,5936.013642791659,6189.860970493783,1.0
3,4zya_A,2,4zya_A_R2,helix,fraction,True,0.2627488341774056,0.3132425005683234,0.1948051948051948,0.23997715389072824,1.0
3,4zya_A,2,4zya_A_R2,strand,fraction,True,0.153236724665296,0.2669441587529015,0.1688311688311688,0.1641561830789955,1.0
3,4zya_A,3,4zya_A_R3,rmsd,A,True,1.7596921750294992,3.0672272511651233,1.870871658049884,2.448857342519147,1.0
3,4zya_A,3,4zya_A_R3,rg,A,False,nan,19.50085782180647,12.853417791537709,12.51406056954838,1.0
3,4zya_A,3,4zya_A_R3,sasa,A2,True,6086.872288761171,10770.338464536402,6147.215107828379,5639.301655484798,1.0
3,4zya_A,3,4zya_A_R3,helix,fraction,True,0.2377577878691464,0.3132425005683234,0.2597402597402597,0.2782717673290781,1.0
3,4zya_A,3,4zya_A_R3,strand,fraction,True,0.1670378619153674,0.2669441587529015,0.1428571428571428,0.15614878650072891,1.0
4,4xqm_A,1,4xqm_A_R1,rmsd,A,False,nan,3.1135447394057794,1.159435964838786,1.0532051702047087,1.0
4,4xqm_A,1,4xqm_A_R1,rg,A,False,nan,19.2411511310551,12.962282872460486,13.75581655336575,1.0
4,4xqm_A,1,4xqm_A_R1,sasa,A2,True,5849.2556980119925,11077.768653501273,6016.629951540381,6699.121895504126,1.0
4,4xqm_A,1,4xqm_A_R1,helix,fraction,True,0.0297272686892017,0.3305320024566978,0.0638297872340425,0.04036319901856206,1.0
4,4xqm_A,1,4xqm_A_R1,strand,fraction,True,0.6032958734953139,0.23399176535200264,0.6170212765957447,0.5661007209029356,1.0
4,4xqm_A,2,4xqm_A_R2,rmsd,A,True,1.2225823324042115,3.1135447394057794,1.2881766050649943,1.0558876504831818,1.0
4,4xqm_A,2,4xqm_A_R2,rg,A,False,nan,19.2411511310551,12.963289244843857,14.370378705802517,1.0
4,4xqm_A,2,4xqm_A_R2,sasa,A2,True,5977.893345205747,11077.768653501273,6078.922989097191,7078.177905239454,1.0
4,4xqm_A,2,4xqm_A_R2,helix,fraction,True,0.0330439998588616,0.3305320024566978,0.0,0.030434215068967152,1.0
4,4xqm_A,2,4xqm_A_R2,strand,fraction,True,0.606541759288663,0.23399176535200264,0.5957446808510638,0.5577703326833771,1.0
4,4xqm_A,3,4xqm_A_R3,rmsd,A,True,1.207049476340593,3.1135447394057794,0.9821848061266344,1.382081184572708,1.0
4,4xqm_A,3,4xqm_A_R3,rg,A,False,nan,19.2411511310551,13.03226388254854,14.184748408359953,1.0
4,4xqm_A,3,4xqm_A_R3,sasa,A2,True,5962.634127740365,11077.768653501273,5990.314225410111,6842.327165903406,1.0
4,4xqm_A,3,4xqm_A_R3,helix,fraction,True,0.0327824829580664,0.3305320024566978,0.0319148936170212,0.035214418724349994,1.0
4,4xqm_A,3,4xqm_A_R3,strand,fraction,True,0.5969221235281967,0.23399176535200264,0.6170212765957447,0.570095936814288,1.0
5,1tzw_A,1,1tzw_A_R1,rmsd,A,True,1.2608221074597317,3.0991495510754308,1.176613611539926,1.6737321258537101,1.0
5,1tzw_A,1,1tzw_A_R1,rg,A,False,nan,19.41003373117306,15.095493539083746,14.739147971458273,1.0
5,1tzw_A,1,1tzw_A_R1,sasa,A2,True,8728.113845478949,10791.738169432563,8893.704336631345,9421.529618489125,1.0
5,1tzw_A,1,1tzw_A_R1,helix,fraction,True,0.7238258448026563,0.2794722964704778,0.7605633802816901,0.6747240113724016,1.0
5,1tzw_A,1,1tzw_A_R1,strand,fraction,True,0.0,0.279160759259807,0.0,-0.024164340338163837,1.0
5,1tzw_A,2,1tzw_A_R2,rmsd,A,True,3.5731477439260173,3.0991495510754308,2.238814741598157,2.3684702819862293,1.0
5,1tzw_A,2,1tzw_A_R2,rg,A,False,nan,19.41003373117306,15.51970741447144,14.727420193379775,1.0
5,1tzw_A,2,1tzw_A_R2,sasa,A2,True,9400.569202288674,10791.738169432563,8981.31638992345,9136.84424096875,1.0
5,1tzw_A,2,1tzw_A_R2,helix,fraction,True,0.6926861167002012,0.2794722964704778,0.6901408450704225,0.6627363236619894,1.0
5,1tzw_A,2,1tzw_A_R2,strand,fraction,True,0.0,0.279160759259807,0.0,-0.012333070561518888,1.0
5,1tzw_A,3,1tzw_A_R3,rmsd,A,True,1.1554575350056502,3.0991495510754308,1.1216598725589018,1.921077046034487,1.0
5,1tzw_A,3,1tzw_A_R3,rg,A,True,15.18796872822413,19.41003373117306,15.23327359282605,14.728475867481436,1.0
5,1tzw_A,3,1tzw_A_R3,sasa,A2,True,8814.075613389177,10791.738169432563,8767.680185858626,9270.330101447673,1.0
5,1tzw_A,3,1tzw_A_R3,helix,fraction,True,0.7214300294520748,0.2794722964704778,0.7323943661971831,0.674120434015731,1.0
5,1tzw_A,3,1tzw_A_R3,strand,fraction,True,0.0,0.279160759259807,0.0,-0.02126109561210443,1.0
6,2glz_B,1,2glz_B_R1,rmsd,A,True,2.1569451410100684,3.0822078816349716,1.7710118942392494,2.4570903227834417,10.0
6,2glz_B,1,2glz_B_R1,rg,A,True,16.500060891437926,19.475044708506374,16.40469806133476,17.079093395542497,10.0
6,2glz_B,1,2glz_B_R1,sasa,A2,False,nan,10636.52514522854,9428.569224243984,9515.290816868379,10.0
6,2glz_B,1,2glz_B_R1,helix,fraction,True,0.4218361385852276,0.30119044886556995,0.4313725490196078,0.42656993549262173,10.0
6,2glz_B,1,2glz_B_R1,strand,fraction,True,0.1887327202267337,0.265192990927914,0.1830065359477124,0.18908127562302912,10.0
6,2glz_B,2,2glz_B_R2,rmsd,A,True,2.192782345742188,3.0822078816349716,1.1741962755298925,1.9154222103134648,10.0
6,2glz_B,2,2glz_B_R2,rg,A,True,16.602689089293072,19.475044708506374,16.46629595283607,17.39284480172784,10.0
6,2glz_B,2,2glz_B_R2,sasa,A2,False,nan,10636.52514522854,9566.94074148545,9840.555644980905,10.0
6,2glz_B,2,2glz_B_R2,helix,fraction,True,0.4200293292155891,0.30119044886556995,0.4313725490196078,0.412615892299484,10.0
6,2glz_B,2,2glz_B_R2,strand,fraction,True,0.1857355126300148,0.265192990927914,0.2026143790849673,0.19418419967994077,10.0
6,2glz_B,3,2glz_B_R3,rmsd,A,True,2.164891652293386,3.0822078816349716,1.576136232157079,2.1032458452089027,10.0
6,2glz_B,3,2glz_B_R3,rg,A,False,nan,19.475044708506374,16.56022386959019,17.162716334643225,10.0
6,2glz_B,3,2glz_B_R3,sasa,A2,False,nan,10636.52514522854,9659.122044278774,9999.843253336701,10.0
6,2glz_B,3,2glz_B_R3,helix,fraction,True,0.4273504273504273,0.30119044886556995,0.4379084967320261,0.4189137721032209,10.0
6,2glz_B,3,2glz_B_R3,strand,fraction,True,0.184242500418971,0.265192990927914,0.1830065359477124,0.1879317586158032,10.0
7,3ga3_A,1,3ga3_A_R1,rmsd,A,False,nan,3.0028590896308507,3.4506129794720244,3.445388774631257,1.0
7,3ga3_A,1,3ga3_A_R1,rg,A,False,nan,19.405218003898216,15.117040721040697,15.445450928578603,1.0
7,3ga3_A,1,3ga3_A_R1,sasa,A2,True,9148.692293469649,10728.95123387417,9014.3503780826,8885.81665968967,1.0
7,3ga3_A,1,3ga3_A_R1,helix,fraction,False,nan,0.31367822613549584,0.1729323308270676,0.14824576866215514,1.0
7,3ga3_A,1,3ga3_A_R1,strand,fraction,False,nan,0.2571556937750782,0.3834586466165413,0.39172316634150256,1.0
7,3ga3_A,2,3ga3_A_R2,rmsd,A,True,2.813492100978034,3.0028590896308507,1.9713607801180464,2.0480160213557577,1.0
7,3ga3_A,2,3ga3_A_R2,rg,A,False,nan,19.405218003898216,15.204114410284255,15.614525627418061,1.0
7,3ga3_A,2,3ga3_A_R2,sasa,A2,False,nan,10728.95123387417,8626.979425165337,8621.189499520897,1.0
7,3ga3_A,2,3ga3_A_R2,helix,fraction,True,0.1423483520832154,0.31367822613549584,0.1353383458646616,0.1250604261651075,1.0
7,3ga3_A,2,3ga3_A_R2,strand,fraction,True,0.3658912318389959,0.2571556937750782,0.3684210526315789,0.3990298153398444,1.0
7,3ga3_A,3,3ga3_A_R3,rmsd,A,True,3.1580805005644987,3.0028590896308507,2.3277702072870694,3.0354591361035386,1.0
7,3ga3_A,3,3ga3_A_R3,rg,A,True,15.303546182820298,19.405218003898216,15.42455489804862,15.754922106917725,1.0
7,3ga3_A,3,3ga3_A_R3,sasa,A2,True,9074.297071681638,10728.95123387417,8791.809478134383,8659.254815319953,1.0
7,3ga3_A,3,3ga3_A_R3,helix,fraction,False,nan,0.31367822613549584,0.0902255639097744,0.12054515130198573,1.0
7,3ga3_A,3,3ga3_A_R3,strand,fraction,False,nan,0.2571556937750782,0.3984962406015037,0.3987587028922542,1.0
8,4geh_A,1,4geh_A_R1,rmsd,A,True,3.744501915966542,2.884502883551896,3.9239566926168976,4.835310712053779,1.0
8,4geh_A,1,4geh_A_R1,rg,A,False,nan,19.258108247556294,18.331952139873792,18.873439418813668,1.0
8,4geh_A,1,4geh_A_R1,sasa,A2,False,nan,10570.996635422425,11976.258237485308,13745.75415145723,1.0
8,4geh_A,1,4geh_A_R1,helix,fraction,True,0.7320931574013987,0.2891499901902056,0.7584541062801933,0.7667476309241894,1.0
8,4geh_A,1,4geh_A_R1,strand,fraction,True,0.0,0.2723519602534703,0.0,-0.002045042398137853,1.0
8,4geh_A,2,4geh_A_R2,rmsd,A,False,nan,2.884502883551896,3.6935468210408255,4.305835407095348,1.0
8,4geh_A,2,4geh_A_R2,rg,A,False,nan,19.258108247556294,19.185307880717534,19.120935640013844,1.0
8,4geh_A,2,4geh_A_R2,sasa,A2,False,nan,10570.996635422425,12911.691084003542,12982.637081872746,1.0
8,4geh_A,2,4geh_A_R2,helix,fraction,False,nan,0.2891499901902056,0.7777777777777778,0.7517258322501226,1.0
8,4geh_A,2,4geh_A_R2,strand,fraction,False,nan,0.2723519602534703,0.0,-0.009818973919203,1.0
8,4geh_A,3,4geh_A_R3,rmsd,A,True,6.0144692801025466,2.884502883551896,5.2886827693489336,6.2928588830851755,1.0
8,4geh_A,3,4geh_A_R3,rg,A,True,18.834180335026456,19.258108247556294,18.542977853420524,18.988538498624575,1.0
8,4geh_A,3,4geh_A_R3,sasa,A2,True,12864.49447863639,10570.996635422425,12764.59649114404,13241.397310795224,1.0
8,4geh_A,3,4geh_A_R3,helix,fraction,True,0.7295910945742131,0.2891499901902056,0.7874396135265701,0.7688637005673871,1.0
8,4geh_A,3,4geh_A_R3,strand,fraction,True,0.0,0.2723519602534703,0.0,-0.007807423052672957,1.0
9,7fd1_A,1,7fd1_A_R1,rmsd,A,False,nan,3.0018548079332277,1.5226272685174274,1.83246695644744,1.0
9,7fd1_A,1,7fd1_A_R1,rg,A,False,nan,19.2411511310551,13.021282658111192,12.692844549428955,1.0
9,7fd1_A,1,7fd1_A_R1,sasa,A2,False,nan,10753.021625179405,6623.35927450913,6658.928237012569,1.0
9,7fd1_A,1,7fd1_A_R1,helix,fraction,True,0.2678748758689175,0.3120382716974443,0.1886792452830188,0.2948578595876262,1.0
9,7fd1_A,1,7fd1_A_R1,strand,fraction,True,0.1267039812223525,0.2662115566467173,0.1226415094339622,0.14374314309903422,1.0
9,7fd1_A,2,7fd1_A_R2,rmsd,A,False,nan,3.0018548079332277,1.8980936304828104,1.6796834382073904,1.0
9,7fd1_A,2,7fd1_A_R2,rg,A,False,nan,19.2411511310551,13.050760816095693,12.903294038646546,1.0
9,7fd1_A,2,7fd1_A_R2,sasa,A2,True,6675.644826899045,10753.021625179405,6575.3276403818745,6719.480617655474,1.0
9,7fd1_A,2,7fd1_A_R2,helix,fraction,True,0.2553898343099049,0.3120382716974443,0.1981132075471698,0.30858635443307225,1.0
9,7fd1_A,2,7fd1_A_R2,strand,fraction,True,0.1250525666545179,0.2662115566467173,0.1226415094339622,0.1493361783756666,1.0
9,7fd1_A,3,7fd1_A_R3,rmsd,A,False,nan,3.0018548079332277,2.354265511590012,2.57125372941992,1.0
9,7fd1_A,3,7fd1_A_R3,rg,A,False,nan,19.2411511310551,13.088112120982387,12.85628307169664,1.0
9,7fd1_A,3,7fd1_A_R3,sasa,A2,False,nan,10753.021625179405,6549.958356335992,6360.62947132535,1.0
9,7fd1_A,3,7fd1_A_R3,helix,fraction,False,nan,0.3120382716974443,0.3018867924528302,0.3153672480250738,1.0
9,7fd1_A,3,7fd1_A_R3,strand,fraction,False,nan,0.2662115566467173,0.1226415094339622,0.10809304992871083,1.0
10,2vri_A,1,2vri_A_R1,rmsd,A,False,nan,2.9993170108702887,3.1734596118671394,3.1227829280911834,1.0
10,2vri_A,1,2vri_A_R1,rg,A,True,16.295203899615576,19.363898932365082,16.26058247929081,16.24682713651008,1.0
10,2vri_A,1,2vri_A_R1,sasa,A2,True,9847.263353947714,10693.273588655933,9706.02421911317,9518.96515208746,1.0
10,2vri_A,1,2vri_A_R1,helix,fraction,True,0.3593226696674972,0.30587193526960776,0.3563218390804598,0.3682495548255167,1.0
10,2vri_A,1,2vri_A_R1,strand,fraction,True,0.1799024730059213,0.26544865456241695,0.1896551724137931,0.20056532258533788,1.0
10,2vri_A,2,2vri_A_R2,rmsd,A,True,3.085602111010224,2.9993170108702887,3.1442683819862585,3.214484836345245,1.0
10,2vri_A,2,2vri_A_R2,rg,A,False,nan,19.363898932365082,15.855678701585395,16.0576532079758,1.0
10,2vri_A,2,2vri_A_R2,sasa,A2,False,nan,10693.273588655933,9850.58040099102,9738.207838870801,1.0
10,2vri_A,2,2vri_A_R2,helix,fraction,True,0.3617717003567182,0.30587193526960776,0.3333333333333333,0.34695167922166287,1.0
10,2vri_A,2,2vri_A_R2,strand,fraction,True,0.1857081516712907,0.26544865456241695,0.1839080459770115,0.20599407342537635,1.0
10,2vri_A,3,2vri_A_R3,rmsd,A,False,nan,2.9993170108702887,3.017404681721408,2.797751822519347,1.0
10,2vri_A,3,2vri_A_R3,rg,A,False,nan,19.363898932365082,16.135541959994526,16.204350956736207,1.0
10,2vri_A,3,2vri_A_R3,sasa,A2,True,9553.08830340536,10693.273588655933,9530.743459117366,9500.586845269936,1.0
10,2vri_A,3,2vri_A_R3,helix,fraction,True,0.3608620689655172,0.30587193526960776,0.3563218390804598,0.35533307197210284,1.0
10,2vri_A,3,2vri_A_R3,strand,fraction,True,0.1828735632183908,0.26544865456241695,0.1839080459770115,0.189225629542414,1.0
11,3jsy_B,1,3jsy_B_R1,rmsd,A,True,4.483723528378508,2.9588879479345063,2.5531712427657443,3.3188300205725754,1.0
11,3jsy_B,1,3jsy_B_R1,rg,A,True,22.32911524980896,18.771156660765033,22.606866082973053,21.53626960219334,1.0
11,3jsy_B,1,3jsy_B_R1,sasa,A2,False,nan,10575.046748038356,12665.943783760304,13654.587755334554,1.0
11,3jsy_B,1,3jsy_B_R1,helix,fraction,False,nan,0.305035442201004,0.4037558685446009,0.40272215072564505,1.0
11,3jsy_B,1,3jsy_B_R1,strand,fraction,False,nan,0.26083488634662105,0.2535211267605634,0.2568684980899948,1.0
11,3jsy_B,2,3jsy_B_R2,rmsd,A,True,3.0934075962413905,2.9588879479345063,3.0657793677100336,5.49182373374784,1.0
11,3jsy_B,2,3jsy_B_R2,rg,A,True,22.95366059860547,18.771156660765033,22.86700499699152,23.11947270246883,1.0
11,3jsy_B,2,3jsy_B_R2,sasa,A2,False,nan,10575.046748038356,12851.88145765569,12533.138353879154,1.0
11,3jsy_B,2,3jsy_B_R2,helix,fraction,True,0.3993836637518633,0.305035442201004,0.3849765258215962,0.3809308644664145,1.0
11,3jsy_B,2,3jsy_B_R2,strand,fraction,True,0.2331953808156998,0.26083488634662105,0.2300469483568075,0.2306943269361181,1.0
11,3jsy_B,3,3jsy_B_R3,rmsd,A,True,2.760405959140151,2.9588879479345063,2.307617376451156,2.7188907952139743,1.0
11,3jsy_B,3,3jsy_B_R3,rg,A,True,22.7805558911324,18.771156660765033,22.305479817182132,21.87848468832038,1.0
11,3jsy_B,3,3jsy_B_R3,sasa,A2,True,12726.790649694718,10575.046748038356,12741.001180419698,13457.698846536292,1.0
11,3jsy_B,3,3jsy_B_R3,helix,fraction,True,0.4109970557810137,0.305035442201004,0.4084507042253521,0.3935553470784513,1.0
11,3jsy_B,3,3jsy_B_R3,strand,fraction,True,0.2390046493651172,0.26083488634662105,0.2253521126760563,0.2527044883337209,1.0
12,6o2v_A,1,6o2v_A_R1,rmsd,A,False,nan,2.9849069311480587,2.087268210826549,2.219044138625839,1.0
12,6o2v_A,1,6o2v_A_R1,rg,A,False,nan,19.2411511310551,16.423390978604306,16.8988679119481,1.0
12,6o2v_A,1,6o2v_A_R1,sasa,A2,False,nan,10756.038170194302,8117.292393278331,8680.475663934998,1.0
12,6o2v_A,1,6o2v_A_R1,helix,fraction,True,0.0517005258578291,0.3222421270540061,0.0222222222222222,0.05982677420688515,1.0
12,6o2v_A,1,6o2v_A_R1,strand,fraction,True,0.483653009495706,0.24960983851606347,0.4814814814814814,0.45276695063348693,1.0
12,6o2v_A,2,6o2v_A_R2,rmsd,A,True,3.561134741843809,2.9849069311480587,2.8844430812067534,3.68116629887516,1.0
12,6o2v_A,2,6o2v_A_R2,rg,A,False,nan,19.2411511310551,16.4117286802899,17.552256547291805,1.0
12,6o2v_A,2,6o2v_A_R2,sasa,A2,True,8847.036433840642,10756.038170194302,8264.755655702902,8311.213640646116,1.0
12,6o2v_A,2,6o2v_A_R2,helix,fraction,False,nan,0.3222421270540061,0.0518518518518518,0.07071935837015247,1.0
12,6o2v_A,2,6o2v_A_R2,strand,fraction,False,nan,0.24960983851606347,0.4888888888888889,0.44504475236856045,1.0
12,6o2v_A,3,6o2v_A_R3,rmsd,A,False,nan,2.9849069311480587,1.6877466186740575,2.1508966550474065,1.0
12,6o2v_A,3,6o2v_A_R3,rg,A,False,nan,19.2411511310551,16.75329667862124,16.245393408449438,1.0
12,6o2v_A,3,6o2v_A_R3,sasa,A2,True,8482.084032746217,10756.038170194302,8752.198504668195,9248.765500525686,1.0
12,6o2v_A,3,6o2v_A_R3,helix,fraction,True,0.0532061147019595,0.3222421270540061,0.0518518518518518,0.07421281457065038,1.0
12,6o2v_A,3,6o2v_A_R3,strand,fraction,True,0.4487739817379707,0.24960983851606347,0.4296296296296296,0.42276766323954534,1.0
13,7ead_A,1,7ead_A_R1,rmsd,A,False,nan,3.0018548079332277,2.017742910134159,1.888401589018821,1.0
13,7ead_A,1,7ead_A_R1,rg,A,False,nan,19.423660252952892,14.73228993603218,15.699665374980508,1.0
13,7ead_A,1,7ead_A_R1,sasa,A2,False,nan,10778.37020230888,8224.225488334196,8458.230351484366,1.0
13,7ead_A,1,7ead_A_R1,helix,fraction,True,0.2047671433810047,0.3121920644379294,0.1851851851851851,0.20238256281957773,1.0
13,7ead_A,1,7ead_A_R1,strand,fraction,True,0.2807480748074807,0.2591829117996381,0.3481481481481481,0.3318118980887299,1.0
13,7ead_A,2,7ead_A_R2,rmsd,A,False,nan,3.0018548079332277,2.6161525179110097,2.3163941106667836,1.0
13,7ead_A,2,7ead_A_R2,rg,A,True,14.860932205508096,19.423660252952892,14.985170906060084,15.176189371152049,1.0
13,7ead_A,2,7ead_A_R2,sasa,A2,True,8475.21712567332,10778.37020230888,8514.874209195841,8504.311220771302,1.0
13,7ead_A,2,7ead_A_R2,helix,fraction,False,nan,0.3121920644379294,0.2,0.19218168863871224,1.0
13,7ead_A,2,7ead_A_R2,strand,fraction,False,nan,0.2591829117996381,0.3111111111111111,0.3028870943090739,1.0
13,7ead_A,3,7ead_A_R3,rmsd,A,False,nan,3.0018548079332277,2.770560165191779,3.164294095728389,1.0
13,7ead_A,3,7ead_A_R3,rg,A,False,nan,19.423660252952892,14.71865924745618,14.752489087366126,1.0
13,7ead_A,3,7ead_A_R3,sasa,A2,True,8116.9462811324975,10778.37020230888,8108.082715340424,7912.86637850652,1.0
13,7ead_A,3,7ead_A_R3,helix,fraction,False,nan,0.3121920644379294,0.1629629629629629,0.17664946293364148,1.0
13,7ead_A,3,7ead_A_R3,strand,fraction,False,nan,0.2591829117996381,0.3037037037037037,0.30022824195203834,1.0
14,6j56_A,1,6j56_A_R1,rmsd,A,False,nan,3.0480719228609847,2.4621392290531685,3.2266015800816947,10.0
14,6j56_A,1,6j56_A_R1,rg,A,False,nan,19.499851437711254,16.185352388005697,15.734355809478556,10.0
14,6j56_A,1,6j56_A_R1,sasa,A2,False,nan,10723.173214261902,9046.643271652283,9058.946396696541,10.0
14,6j56_A,1,6j56_A_R1,helix,fraction,True,0.3298831750191069,0.3083399272937399,0.3565891472868217,0.3314950497380186,10.0
14,6j56_A,1,6j56_A_R1,strand,fraction,True,0.2298722567965935,0.2619318942442991,0.2403100775193798,0.2134243441184118,10.0
14,6j56_A,2,6j56_A_R2,rmsd,A,True,1.7680829380183156,3.0480719228609847,1.2573501189757708,1.6398984746149652,10.0
14,6j56_A,2,6j56_A_R2,rg,A,True,16.311256229931207,19.499851437711254,16.170238934583733,15.971384068398338,10.0
14,6j56_A,2,6j56_A_R2,sasa,A2,True,9324.418184413276,10723.173214261902,9238.487698067913,9047.132527091168,10.0
14,6j56_A,2,6j56_A_R2,helix,fraction,True,0.3255371827747811,0.3083399272937399,0.3255813953488372,0.33303668104911455,10.0
14,6j56_A,2,6j56_A_R2,strand,fraction,True,0.228947445986972,0.2619318942442991,0.2248062015503876,0.21622018257782985,10.0
14,6j56_A,3,6j56_A_R3,rmsd,A,True,2.756679000159917,3.0480719228609847,3.103962797444532,2.6911794558401727,10.0
14,6j56_A,3,6j56_A_R3,rg,A,True,16.220938979087492,19.499851437711254,16.525335992901045,16.172282738520888,10.0
14,6j56_A,3,6j56_A_R3,sasa,A2,True,9089.245827942848,10723.173214261902,9518.032770807622,9222.421752011598,10.0
14,6j56_A,3,6j56_A_R3,helix,fraction,True,0.3278164002305584,0.3083399272937399,0.2868217054263566,0.291576130567835,10.0
14,6j56_A,3,6j56_A_R3,strand,fraction,True,0.2303348978367505,0.2619318942442991,0.2325581395348837,0.21614700516175608,10.0
15,6rrv_A,1,6rrv_A_R1,rmsd,A,True,4.079039553022641,2.9545957822458693,3.546731145228396,5.115088408335789,1.0
15,6rrv_A,1,6rrv_A_R1,rg,A,True,17.266502495926524,19.323428157518794,16.019619822981518,17.03575210044414,1.0
15,6rrv_A,1,6rrv_A_R1,sasa,A2,True,9156.65829312468,10727.903546801443,8912.680348241702,9243.988425457595,1.0
15,6rrv_A,1,6rrv_A_R1,helix,fraction,True,0.4722572943688161,0.30163576833347977,0.4724409448818897,0.4730283376676775,1.0
15,6rrv_A,1,6rrv_A_R1,strand,fraction,True,0.0961180872799062,0.26782295438344245,0.0944881889763779,0.058536765963528664,1.0
15,6rrv_A,2,6rrv_A_R2,rmsd,A,True,2.6063012625540845,2.9545957822458693,2.195556452177525,3.5498686014083525,1.0
15,6rrv_A,2,6rrv_A_R2,rg,A,False,nan,19.323428157518794,15.916068050988065,16.549539252339216,1.0
15,6rrv_A,2,6rrv_A_R2,sasa,A2,False,nan,10727.903546801443,8656.530462077353,8667.967264957784,1.0
15,6rrv_A,2,6rrv_A_R2,helix,fraction,False,nan,0.30163576833347977,0.5039370078740157,0.484178545016545,1.0
15,6rrv_A,2,6rrv_A_R2,strand,fraction,False,nan,0.26782295438344245,0.0944881889763779,0.07080071096249019,1.0
15,6rrv_A,3,6rrv_A_R3,rmsd,A,True,3.78525340453108,2.9545957822458693,3.49079883639409,3.486413667107395,1.0
15,6rrv_A,3,6rrv_A_R3,rg,A,False,nan,19.323428157518794,17.141224276861298,17.06979813952195,1.0
15,6rrv_A,3,6rrv_A_R3,sasa,A2,True,9100.904745426582,10727.903546801443,9200.812813953962,9125.556013067639,1.0
15,6rrv_A,3,6rrv_A_R3,helix,fraction,True,0.4775100537325538,0.30163576833347977,0.4881889763779528,0.4614026907546529,1.0
15,6rrv_A,3,6rrv_A_R3,strand,fraction,True,0.0895711533912337,0.26782295438344245,0.1102362204724409,0.09923575330581999,1.0
16,6kty_A,1,6kty_A_R1,rmsd,A,False,nan,3.0230453075599684,2.398558837715696,5.9353047734331295,1.0
16,6kty_A,1,6kty_A_R1,rg,A,True,22.38055319230417,18.949273188476504,23.030342759827118,21.025768624561323,1.0
16,6kty_A,1,6kty_A_R1,sasa,A2,False,nan,10569.939912715938,11992.766269709682,12599.131024224147,1.0
16,6kty_A,1,6kty_A_R1,helix,fraction,True,0.0590538847117794,0.3279886239962793,0.0663265306122449,0.0917090196788366,1.0
16,6kty_A,1,6kty_A_R1,strand,fraction,True,0.433360186179735,0.2458731372675317,0.4540816326530612,0.46331766042562805,1.0
16,6kty_A,2,6kty_A_R2,rmsd,A,True,2.302568320250801,3.0230453075599684,2.700715833643838,3.693466723506439,1.0
16,6kty_A,2,6kty_A_R2,rg,A,True,22.814941749113792,18.949273188476504,23.026780967905527,21.598943215616334,1.0
16,6kty_A,2,6kty_A_R2,sasa,A2,True,11606.31260998577,10569.939912715938,11750.549483124632,12791.578482033487,1.0
16,6kty_A,2,6kty_A_R2,helix,fraction,True,0.075687764092421,0.3279886239962793,0.0765306122448979,0.0712823754839908,1.0
16,6kty_A,2,6kty_A_R2,strand,fraction,True,0.4495808235188348,0.2458731372675317,0.4693877551020408,0.4806234543486568,1.0
16,6kty_A,3,6kty_A_R3,rmsd,A,False,nan,3.0230453075599684,3.1248427840081363,5.180948515139119,1.0
16,6kty_A,3,6kty_A_R3,rg,A,False,nan,18.949273188476504,22.914443957243027,21.55504792399828,1.0
16,6kty_A,3,6kty_A_R3,sasa,A2,True,11864.050353387176,10569.939912715938,11644.822548504451,12578.540462454792,1.0
16,6kty_A,3,6kty_A_R3,helix,fraction,True,0.0625472411186696,0.3279886239962793,0.0714285714285714,0.08216011129130579,1.0
16,6kty_A,3,6kty_A_R3,strand,fraction,True,0.4485638699924414,0.2458731372675317,0.4438775510204081,0.4613378638842279,1.0
17,6vjg_A,1,6vjg_A_R1,rmsd,A,True,1.6994351752219163,3.030881615570113,1.7549127502472015,2.0153537011354814,1.0
17,6vjg_A,1,6vjg_A_R1,rg,A,False,nan,19.2411511310551,14.345960206430798,14.94209738236518,1.0
17,6vjg_A,1,6vjg_A_R1,sasa,A2,False,nan,10734.028887976809,7609.373004408553,7980.018285766469,1.0
17,6vjg_A,1,6vjg_A_R1,helix,fraction,True,0.1930092059838895,0.3154991693577255,0.2,0.19888339666052063,1.0
17,6vjg_A,1,6vjg_A_R1,strand,fraction,True,0.3176927502876869,0.25701840208761095,0.3181818181818182,0.31274844846247074,1.0
17,6vjg_A,2,6vjg_A_R2,rmsd,A,False,nan,3.030881615570113,2.6322571412226545,2.7494079163209433,1.0
17,6vjg_A,2,6vjg_A_R2,rg,A,False,nan,19.2411511310551,14.572605117528152,15.056358033568557,1.0
17,6vjg_A,2,6vjg_A_R2,sasa,A2,False,nan,10734.028887976809,7810.627826041309,8267.191316790182,1.0
17,6vjg_A,2,6vjg_A_R2,helix,fraction,False,nan,0.3154991693577255,0.1818181818181818,0.20342807268847854,1.0
17,6vjg_A,2,6vjg_A_R2,strand,fraction,False,nan,0.25701840208761095,0.2909090909090909,0.31234654911475745,1.0
17,6vjg_A,3,6vjg_A_R3,rmsd,A,True,3.375416596264213,3.030881615570113,3.299185548506929,3.0810469263709312,1.0
17,6vjg_A,3,6vjg_A_R3,rg,A,False,nan,19.2411511310551,14.68209483788527,13.886589848166498,1.0
17,6vjg_A,3,6vjg_A_R3,sasa,A2,True,7321.3978917873665,10734.028887976809,8205.820333724841,7992.317968996411,1.0
17,6vjg_A,3,6vjg_A_R3,helix,fraction,True,0.1883587001234059,0.3154991693577255,0.1909090909090909,0.18804507911181825,1.0
17,6vjg_A,3,6vjg_A_R3,strand,fraction,True,0.3109831345125462,0.25701840208761095,0.2909090909090909,0.3132443467900796,1.0
18,6l4l_A,1,6l4l_A_R1,rmsd,A,False,nan,2.9776022260276713,2.0112589365026805,1.9636477263415348,1.0
18,6l4l_A,1,6l4l_A_R1,rg,A,True,20.58803718338286,19.067354290339765,19.46744614294158,20.38961398551778,1.0
18,6l4l_A,1,6l4l_A_R1,sasa,A2,True,15636.395659162928,10334.008965125297,14883.84503942798,14570.430221124334,1.0
18,6l4l_A,1,6l4l_A_R1,helix,fraction,False,nan,0.31260731810972786,0.195729537366548,0.19213416974150965,1.0
18,6l4l_A,1,6l4l_A_R1,strand,fraction,False,nan,0.2556851300128638,0.4270462633451957,0.42029262733348705,1.0
18,6l4l_A,2,6l4l_A_R2,rmsd,A,False,nan,2.9776022260276713,3.2985231691734445,3.482944810337954,1.0
18,6l4l_A,2,6l4l_A_R2,rg,A,True,20.38825629897648,19.067354290339765,20.37969972961793,20.036650165449917,1.0
18,6l4l_A,2,6l4l_A_R2,sasa,A2,True,15619.688574701171,10334.008965125297,15543.21354892454,14926.773430603447,1.0
18,6l4l_A,2,6l4l_A_R2,helix,fraction,False,nan,0.31260731810972786,0.1886120996441281,0.1934297450144049,1.0
18,6l4l_A,2,6l4l_A_R2,strand,fraction,False,nan,0.2556851300128638,0.4306049822064057,0.3961948197236502,1.0
18,6l4l_A,3,6l4l_A_R3,rmsd,A,True,3.802190010816599,2.9776022260276713,3.527325528581829,4.910825338436806,1.0
18,6l4l_A,3,6l4l_A_R3,rg,A,True,20.570690406543367,19.067354290339765,20.243728831842105,19.939587047989225,1.0
18,6l4l_A,3,6l4l_A_R3,sasa,A2,False,nan,10334.008965125297,15425.432203954551,14717.69347728615,1.0
18,6l4l_A,3,6l4l_A_R3,helix,fraction,True,0.187326489165471,0.31260731810972786,0.192170818505338,0.19438732877167036,1.0
18,6l4l_A,3,6l4l_A_R3,strand,fraction,True,0.4276549098519995,0.2556851300128638,0.4341637010676156,0.40128099494318675,1.0
19,7lao_A,1,7lao_A_R1,rmsd,A,True,2.1814539373489583,3.0267154403751757,1.9941860731829737,1.8783746293777464,1.0
19,7lao_A,1,7lao_A_R1,rg,A,False,nan,19.23094299636053,19.54850680006137,20.029812060297463,1.0
19,7lao_A,1,7lao_A_R1,sasa,A2,True,13971.010452709868,10538.452047949677,13673.738899471937,14119.10477662972,1.0
19,7lao_A,1,7lao_A_R1,helix,fraction,True,0.3192936215076437,0.3091579462317282,0.3284132841328413,0.35114505511124616,1.0
19,7lao_A,1,7lao_A_R1,strand,fraction,True,0.2013266561237041,0.262515141106058,0.2103321033210332,0.1861736795385438,1.0
19,7lao_A,2,7lao_A_R2,rmsd,A,False,nan,3.0267154403751757,1.8660611453122056,0.8140198016119449,1.0
19,7lao_A,2,7lao_A_R2,rg,A,False,nan,19.23094299636053,19.448640303157905,19.977516118693256,1.0
19,7lao_A,2,7lao_A_R2,sasa,A2,False,nan,10538.452047949677,13505.547450308222,14298.723083188344,1.0
19,7lao_A,2,7lao_A_R2,helix,fraction,True,0.3220644327655397,0.3091579462317282,0.3505535055350554,0.34692393678068584,1.0
19,7lao_A,2,7lao_A_R2,strand,fraction,True,0.2019829289201982,0.262515141106058,0.1881918819188192,0.19515364136871982,1.0
19,7lao_A,3,7lao_A_R3,rmsd,A,False,nan,3.0267154403751757,1.8013028475832928,1.7122978613282966,1.0
19,7lao_A,3,7lao_A_R3,rg,A,True,19.486146363724824,19.23094299636053,19.53366664432668,19.832526734251744,1.0
19,7lao_A,3,7lao_A_R3,sasa,A2,False,nan,10538.452047949677,14037.516025954392,14413.467427145839,1.0
19,7lao_A,3,7lao_A_R3,helix,fraction,False,nan,0.3091579462317282,0.3394833948339483,0.346844323576802,1.0
19,7lao_A,3,7lao_A_R3,strand,fraction,False,nan,0.262515141106058,0.1918819188191882,0.19648333820517982,1.0
20,7qsu_A,1,7qsu_A_R1,rmsd,A,True,2.044593113410818,3.0625857368353318,1.3976952794178312,3.007512305280882,10.0
20,7qsu_A,1,7qsu_A_R1,rg,A,False,nan,19.09504588563691,22.5529261707299,23.33933874062101,10.0
20,7qsu_A,1,7qsu_A_R1,sasa,A2,False,nan,10379.535417223055,19133.31546135596,18096.863249519243,10.0
20,7qsu_A,1,7qsu_A_R1,helix,fraction,True,0.2285067873303166,0.3116268348200887,0.2272727272727272,0.23868007485130086,10.0
20,7qsu_A,1,7qsu_A_R1,strand,fraction,True,0.3809389140271492,0.2567974156277412,0.3957219251336898,0.410621436363794,10.0
20,7qsu_A,2,7qsu_A_R2,rmsd,A,True,2.015726777588312,3.0625857368353318,1.317882503846957,2.186832997463357,10.0
20,7qsu_A,2,7qsu_A_R2,rg,A,True,22.74767702109163,19.09504588563691,22.601827950459207,22.688634536216277,10.0
20,7qsu_A,2,7qsu_A_R2,sasa,A2,True,19374.17589741504,10379.535417223055,19613.8684218633,17920.90637811458,10.0
20,7qsu_A,2,7qsu_A_R2,helix,fraction,False,nan,0.3116268348200887,0.2379679144385026,0.23244431756534348,10.0
20,7qsu_A,2,7qsu_A_R2,strand,fraction,False,nan,0.2567974156277412,0.3770053475935829,0.4036991996709587,10.0
20,7qsu_A,3,7qsu_A_R3,rmsd,A,False,nan,3.0625857368353318,2.109579116142112,3.6431677102880102,10.0
20,7qsu_A,3,7qsu_A_R3,rg,A,False,nan,19.09504588563691,22.545868283644623,23.62777239341183,10.0
20,7qsu_A,3,7qsu_A_R3,sasa,A2,False,nan,10379.535417223055,18866.083302220795,18146.415413977003,10.0
20,7qsu_A,3,7qsu_A_R3,helix,fraction,False,nan,0.3116268348200887,0.2406417112299465,0.24474479778327896,10.0
20,7qsu_A,3,7qsu_A_R3,strand,fraction,False,nan,0.2567974156277412,0.3957219251336898,0.41542782159914216,10.0
