outer_fold,alpha,fold_01_loss,fold_02_loss,fold_03_loss,fold_04_loss,fold_05_loss,mean_inner_fitness,median_inner_fitness,outer_test_used
1,0.0001,0.526316848863803,0.24619642426376998,2.233164227001694,0.32659790797454147,2.3937264273415506,1.1452003670890718,0.526316848863803,False
1,0.001,0.519841523425506,0.24308475247327097,2.2206020667741613,0.32246150237635907,2.3759239021451863,1.1363827494388967,0.519841523425506,False
1,0.01,0.470248722815804,0.22205266985924096,2.1092332898746657,0.28840425787531354,2.2479751236136556,1.067582812807736,0.470248722815804,False
1,0.1,0.30522076976338514,0.17024371127673657,1.4995707991625762,0.17822085777672267,1.5465726492152647,0.7399657574389371,0.30522076976338514,False
1,1.0,0.1363995970070932,0.10169853999542366,0.4491756370829786,0.10695451264701358,0.5666338322883386,0.27217242380416956,0.1363995970070932,False
1,10.0,0.18889867771002108,0.13555278698855117,0.17482996620551966,0.10295507121111871,0.44673815336254474,0.20979493109555108,0.17482996620551966,False
1,100.0,0.5656126079078337,0.2981206580361455,0.27045979304367784,0.13320323217428837,0.9652833876315527,0.44653593575869965,0.2981206580361455,False
1,1000.0,1.52209849313381,0.8510937631391995,0.6036668885354567,0.37714240992224113,2.244883660319888,1.119777043010119,0.8510937631391995,False
1,10000.0,1.9849867831519084,1.1941726935091121,0.7812941142065404,0.5731659085342858,2.772031707252747,1.4611302413309186,1.1941726935091121,False
2,0.0001,2.0262792332275783,0.13712696744131625,0.4370476903705498,0.22834886728406661,0.9719492782970818,0.7601504073241185,0.4370476903705498,False
2,0.001,2.010282343017407,0.13204299545600068,0.4246478756424471,0.22456550380130907,0.9257495814206248,0.7434576598675577,0.4246478756424471,False
2,0.01,1.8697409126909346,0.09604963000691583,0.34163274131917865,0.19640818308814617,0.6501350629938649,0.6307933060198081,0.34163274131917865,False
2,0.1,1.1307809136391938,0.03127565195839959,0.17321151642277938,0.10919309669679962,0.18297795105383546,0.32548782595420156,0.17321151642277938,False
2,1.0,0.45000154675698123,0.0280518507021549,0.1499999426403244,0.05541242613614437,0.16324838681319476,0.16934283060975994,0.1499999426403244,False
2,10.0,0.7751766367314816,0.04344038529470658,0.14462915021326767,0.05746301239286369,0.2817617012958679,0.2604941771856375,0.14462915021326767,False
2,100.0,1.4143479641305732,0.14333828955551442,0.162636250253112,0.08183568829190949,0.6656322252452617,0.49355808349527414,0.162636250253112,False
2,1000.0,3.0688418943565408,0.5544328896133273,0.3316397587917882,0.28145765448343746,1.060188243994998,1.0593120882480183,0.5544328896133273,False
2,10000.0,4.1335509968554724,0.8545837602582749,0.44559802472713683,0.4287014426585909,1.2277871198273278,1.4180442688653607,0.8545837602582749,False
3,0.0001,2.2823561190392936,0.1877624112063386,0.7250314672485163,0.32113260716226344,1.4371193706497114,0.9906803950612246,0.7250314672485163,False
3,0.001,2.264096208359573,0.18216020649283915,0.7108103676291772,0.31724475518792267,1.4089534027504045,0.9766529880839834,0.7108103676291772,False
3,0.01,2.1041155005386605,0.14315325154413958,0.6000449909721377,0.28442519047816944,1.2098351559713638,0.8683148179008942,0.6000449909721377,False
3,0.1,1.2671468631482323,0.057377436989610106,0.2528279640846893,0.1492244875581903,0.5653574136989021,0.4583868330959248,0.2528279640846893,False
3,1.0,0.4923337280529628,0.025176038093866104,0.1222150703355008,0.06480183506519605,0.10636359920847953,0.16217805415120107,0.10636359920847953,False
3,10.0,0.8476394039501866,0.056298569053668,0.14387627397385241,0.06654467865465012,0.14680112651432292,0.252232010429336,0.14387627397385241,False
3,100.0,1.4671950637396538,0.17042838459321244,0.19772609468064772,0.09544009851039714,0.5302801274093457,0.49221395378665134,0.19772609468064772,False
3,1000.0,3.016259288430342,0.6201259273640043,0.380558708475514,0.31518390048428013,0.9987759329539418,1.0661807515416164,0.6201259273640043,False
3,10000.0,3.9966165545149175,0.9494381768358992,0.503526270117366,0.4746946381832259,1.1872170153827135,1.4222985310068244,0.9494381768358992,False
4,0.0001,2.155780143056643,0.141430414115762,0.6083768070277807,0.28605011176065354,1.213476760029733,0.8810228471981144,0.6083768070277807,False
4,0.001,2.1411808424413823,0.13756710316058623,0.5978987708169152,0.2799374250511998,1.1769575541331596,0.8667083391206486,0.5978987708169152,False
4,0.01,2.007521840683956,0.10886345143743865,0.5197405748599652,0.23453314015274462,0.975855326932719,0.7693028668133646,0.5197405748599652,False
4,0.1,1.2275949574979366,0.04999704588601847,0.2565640399889815,0.11872493382671634,0.4649025663791928,0.4235567087157691,0.2565640399889815,False
4,1.0,0.47716669311083376,0.028316525913836627,0.1171369237131085,0.05890224848350847,0.1307409800879618,0.1624526742618498,0.1171369237131085,False
4,10.0,0.8009669074179995,0.04060140391859118,0.14090622421029714,0.06347534739360709,0.1902876665881173,0.24724750990572245,0.14090622421029714,False
4,100.0,1.331204214230901,0.18187376057540902,0.21539148163041072,0.11044829052696732,0.5608751435862298,0.4799585781099836,0.21539148163041072,False
4,1000.0,2.578545134611843,0.6561819612736828,0.47853561449407794,0.42018566796019546,1.084553449241787,1.0436003655163173,0.6561819612736828,False
4,10000.0,3.393490965413587,0.9653862154231095,0.6231063618268659,0.6410424332309385,1.3090799085974592,1.386421176898392,0.9653862154231095,False
5,0.0001,2.213936642632444,0.12509104680927918,0.2017264960386258,0.17641081141079692,0.10975373407231655,0.5653837461926925,0.17641081141079692,False
5,0.001,2.195329805770174,0.12217248931249518,0.19727023571396513,0.1742780648006685,0.10754151942655892,0.5593184230047724,0.1742780648006685,False
5,0.01,2.0323111396141704,0.10422987861570969,0.17367534410590973,0.15800436470054993,0.09266039526468897,0.5121762244602057,0.15800436470054993,False
5,0.1,1.1880278634176926,0.06680502773493666,0.15878169253190227,0.10269876484620846,0.06768443925648286,0.3167995575574446,0.10269876484620846,False
5,1.0,0.4817019282544338,0.04984974688626867,0.17498981469810485,0.05615870665428403,0.08015668722680624,0.1685713767439795,0.08015668722680624,False
5,10.0,0.8708587078676876,0.083071258373042,0.16828179652472436,0.06145993566147749,0.14518203626463486,0.26577074693831326,0.14518203626463486,False
5,100.0,1.4368514096528755,0.21483059592328094,0.18998977889380714,0.10843603182756405,0.47141693527729733,0.48430495031496507,0.21483059592328094,False
5,1000.0,2.9258376415194087,0.9788186806513581,0.3901880898413548,0.3544630185807135,0.9257994059526716,1.1150213673091014,0.9257994059526716,False
5,10000.0,3.854831838595696,1.5150675532227242,0.5268570575917843,0.5135358160374969,1.098588887282109,1.5017762305459619,1.098588887282109,False
6,0.0001,7.2493813298427225,0.2278441548933568,0.4247903116788896,0.1730576070043271,0.5908543598915816,1.7331855526621756,0.4247903116788896,False
6,0.001,7.212386391881696,0.21979139994412106,0.4130707512743653,0.16899935187666879,0.5820968476330082,1.7192689485219723,0.4130707512743653,False
6,0.01,6.869547057353762,0.17014423381259786,0.3308894895004355,0.13794917494593312,0.5164059434226894,1.6049871798070836,0.3308894895004355,False
6,0.1,4.8915838241013585,0.08447992384821369,0.15156651028349344,0.0620846830546238,0.2806511444511047,1.094073217147759,0.15156651028349344,False
6,1.0,2.031216541852647,0.09384500252567675,0.1102266660603157,0.05071226770524699,0.10389227434363094,0.47797855049750354,0.10389227434363094,False
6,10.0,1.1550373157980875,0.17186446094539112,0.12203676594921313,0.05670796857275432,0.15160609918821125,0.3314505220907315,0.15160609918821125,False
6,100.0,1.2573046420767124,0.41481336533357976,0.16166552657789512,0.08404456132799873,0.519915278016031,0.48754867466644336,0.41481336533357976,False
6,1000.0,2.5089391246063792,1.739577959567134,0.3365012458856067,0.2856315555038685,0.99598702509421,1.1733273821314394,0.99598702509421,False
6,10000.0,3.376132677662514,2.6424330655483597,0.4511163807858292,0.43244528216608835,1.1862969267021988,1.6176848665729977,1.1862969267021988,False
7,0.0001,1.7539937447853624,0.20494630969208388,0.25183268162595435,0.1873145490993278,0.7699009006770103,0.6335976371759477,0.25183268162595435,False
7,0.001,1.742152553120647,0.19743249580192151,0.24791152130251876,0.18469666862719683,0.7314941881701617,0.6207374854044893,0.24791152130251876,False
7,0.01,1.641132171276542,0.15103310862592373,0.22477109204008933,0.16694985905587556,0.5843743152769572,0.5536521092550777,0.22477109204008933,False
7,0.1,1.135505048466633,0.07697906313812164,0.1525401619339728,0.1042760990857027,0.2652310662630664,0.3469062877774993,0.1525401619339728,False
7,1.0,0.8579186053309161,0.09362991556367949,0.10825102175515862,0.052944287092825185,0.09037878438944395,0.24062452282640465,0.09362991556367949,False
7,10.0,1.1734722853476316,0.1570503214123164,0.13546780322746813,0.057458315004724536,0.14108266511668974,0.3329062780217661,0.14108266511668974,False
7,100.0,1.2267405235765563,0.3634455200608753,0.180298167178933,0.08704695223319739,0.49158045001947537,0.4698223226138074,0.3634455200608753,False
7,1000.0,2.5007938599119237,1.5043847131953978,0.3659213077252462,0.30643873003202404,0.9460828166719475,1.1247242855073079,0.9460828166719475,False
7,10000.0,3.4526883951386784,2.295558097207035,0.48936791964332305,0.466148066031373,1.1301538255299022,1.5667832607100622,1.1301538255299022,False
8,0.0001,3.8935959385005794,0.13128517148469715,0.8342490298394534,0.19676485222181994,0.9079463453213809,1.1927682674735862,0.8342490298394534,False
8,0.001,3.8489185975250657,0.12548954276820481,0.8198602061164945,0.19414660369502887,0.8810081907272347,1.1738846281664057,0.8198602061164945,False
8,0.01,3.4732412474921235,0.09045229636473637,0.7054877746490302,0.17405882625860047,0.7337431353408794,1.035396656021074,0.7054877746490302,False
8,0.1,2.142509767856068,0.04676118886837995,0.3187357520008271,0.10887723247891859,0.3482973243074108,0.5930362531023209,0.3187357520008271,False
8,1.0,1.3353541680356997,0.08688089561088191,0.1139570674440122,0.058513795985767114,0.1307201813053284,0.3450852216763379,0.1139570674440122,False
8,10.0,1.4939191722947354,0.13310137818571016,0.14852687650387225,0.06568385320635882,0.14118783608516988,0.39648382325516934,0.14118783608516988,False
8,100.0,1.844821225519977,0.3025625347538191,0.18383474465208313,0.09769682983512648,0.49319655951870683,0.5844223788559424,0.3025625347538191,False
8,1000.0,3.446634995106315,1.173373920795177,0.37617319964467494,0.30758235797926603,1.0009997463592595,1.2609528439769384,1.0009997463592595,False
8,10000.0,4.601140877559908,1.7634072106141907,0.5045665374604493,0.46740476998791786,1.2237098435677844,1.7120458478380502,1.2237098435677844,False
9,0.0001,4.98826031132006,0.19932414307309676,0.5792365761148456,0.26065451057147004,0.8871212826214823,1.382919364740191,0.5792365761148456,False
9,0.001,4.921363208118299,0.19163522591685775,0.5656526974939966,0.25452544419823725,0.8632868777071214,1.3592926906869025,0.5656526974939966,False
9,0.01,4.359636724668807,0.14454231544976703,0.46084773027737935,0.21092632146615325,0.7120278311325559,1.1775961845989324,0.46084773027737935,False
9,0.1,2.3498300790453976,0.07032166191243894,0.19055321523154328,0.1058608339445685,0.3174603902531382,0.6068052360774173,0.19055321523154328,False
9,1.0,0.9589543525379577,0.08334417355140016,0.10466924621553815,0.05478243949167801,0.11714828948474827,0.2637797002562644,0.10466924621553815,False
9,10.0,0.992817776779864,0.15205877105617224,0.131549907715117,0.05859664778135996,0.15963506788972023,0.2989316342444467,0.15205877105617224,False
9,100.0,1.2517267109534436,0.36331577299845086,0.17197361783681392,0.08755622410173394,0.5144279534869411,0.47780005587547675,0.36331577299845086,False
9,1000.0,2.580913722135153,1.5794992074849266,0.35926974315640103,0.29737362292356695,0.9889082204866371,1.161192903237337,0.9889082204866371,False
9,10000.0,3.5648314812530812,2.4147298105263,0.48731421625648935,0.4545252790224138,1.184905058921523,1.6212611691959615,1.184905058921523,False
10,0.0001,6.500783737026912,0.11714833446217703,0.7166634269272263,0.6811112736592474,0.8680494195283615,1.7767512383207849,0.7166634269272263,False
10,0.001,6.398219869382493,0.11601585631413122,0.699885803195363,0.6606378873853477,0.8480841451879474,1.7445687122930564,0.699885803195363,False
10,0.01,5.551481225216959,0.10761216831709366,0.5700101906410132,0.508450129065755,0.709781933784372,1.4894671294050386,0.5700101906410132,False
10,0.1,2.5576884203077284,0.072730196764104,0.23596390180196222,0.1617430653519011,0.3254573909869696,0.6707165950425331,0.23596390180196222,False
10,1.0,0.8953681060544202,0.05278994527288964,0.13151435215336965,0.06060222556305881,0.13039604053582182,0.254134133915912,0.13039604053582182,False
10,10.0,1.0164115350917973,0.13265739555051775,0.16744814164928493,0.06228694725093888,0.16659871853366554,0.30908054761524084,0.16659871853366554,False
10,100.0,1.2234930149412897,0.4035571811197925,0.22561201980236936,0.09045874590776445,0.4977540496087636,0.488175002275996,0.4035571811197925,False
10,1000.0,2.484041020378625,1.7222039266406441,0.45411124416662274,0.288643868133286,0.9441648193881889,1.1786329757414733,0.9441648193881889,False
10,10000.0,3.414505300079071,2.560060277955746,0.6073728228391455,0.43337914342303174,1.1241495444526481,1.6278934177499285,1.1241495444526481,False
11,0.0001,1.0674859528238978,0.24388573593547935,0.6008458162209831,0.2102000986396328,0.6846716051000061,0.5614178417439998,0.6008458162209831,False
11,0.001,1.067101943021156,0.23894476282716823,0.5894949918421919,0.20694985658130066,0.6767571139404667,0.5558497336424566,0.5894949918421919,False
11,0.01,1.066866795221074,0.2016728672468965,0.49914270565633856,0.1852521843427177,0.6061283992393481,0.511812590341275,0.49914270565633856,False
11,0.1,1.0888004368623665,0.10177276140457367,0.19681541706233419,0.13135075870356022,0.31058120659086325,0.36586411612473957,0.19681541706233419,False
11,1.0,1.0077851893551895,0.057192891664020896,0.013586898626012279,0.09909042770062262,0.10015710415862852,0.2555625023008948,0.09909042770062262,False
11,10.0,1.0564508139742061,0.1466705167749515,0.055248436113290875,0.08701470605618605,0.14739166995864958,0.2985552285754568,0.1466705167749515,False
11,100.0,1.3038253874511787,0.39930487163131656,0.13877778125751977,0.09704933684794624,0.5441792536038855,0.49662732615836935,0.39930487163131656,False
11,1000.0,2.6330350668957294,1.6566428591809967,0.3628121181013033,0.2880390495014472,1.048552567542547,1.1978163322444044,1.048552567542547,False
11,10000.0,3.6588568523055023,2.507127919911456,0.520575954504786,0.435105410587693,1.2668408761045264,1.6777014026827928,1.2668408761045264,False
12,0.0001,5.378766598828686,0.1547608247960642,0.4271409766469801,0.2240952037602375,0.7293854415335497,1.3828298091131033,0.4271409766469801,False
12,0.001,5.340807412924105,0.1523974630505682,0.4160007795125895,0.21989541539311963,0.6844363654861191,1.3627074872733005,0.4160007795125895,False
12,0.01,4.994370487611454,0.13623482120801209,0.33004294990523686,0.19144505316388857,0.5033744069887776,1.2310935437754738,0.33004294990523686,False
12,0.1,3.139909019543869,0.09497278143519067,0.14061889670939287,0.12344348020291147,0.2088390011901125,0.7415566358162954,0.14061889670939287,False
12,1.0,1.07406173115883,0.06352842603843943,0.12646912286494766,0.06903105425443455,0.13125129848844458,0.2928683265610193,0.12646912286494766,False
12,10.0,1.00944352426485,0.15118109753363046,0.1444564609801712,0.06228275683070539,0.16956881153117356,0.30738653022810614,0.15118109753363046,False
12,100.0,1.3167637998908972,0.392291805448715,0.1738178428986717,0.09508254353402869,0.5102444745432038,0.49764009326310327,0.392291805448715,False
12,1000.0,2.696655509050836,1.6316098458217252,0.3102409887055255,0.328758444613814,0.9673179738360668,1.1869165524055936,0.9673179738360668,False
12,10000.0,3.691123141436369,2.4704227813772897,0.40798387062583197,0.49680276343248997,1.1572509993146163,1.6447167112373193,1.1572509993146163,False
13,0.0001,5.066921099317744,0.20584915464786735,0.574756716846516,0.2719948999084866,0.8970241825918572,1.4033092106624943,0.574756716846516,False
13,0.001,4.996761549153465,0.197645508789841,0.5614416098818641,0.26477700442012664,0.8719905101536206,1.3785232364797837,0.5614416098818641,False
13,0.01,4.4094341170012585,0.15085688765822827,0.45785291137675727,0.21495741893292125,0.7141039107230566,1.1894410491384444,0.45785291137675727,False
13,0.1,2.327605026906759,0.07817297108516941,0.18968398714652993,0.10317498864793843,0.31114501737404704,0.6019563982320888,0.18968398714652993,False
13,1.0,0.9235523498437681,0.06685778520386479,0.10823655291425535,0.05740228462379088,0.11204324258075223,0.2536184430332863,0.10823655291425535,False
13,10.0,0.9797790175401099,0.14186401536387203,0.14002386875125789,0.0634797744722552,0.15449820297418787,0.2959289758203366,0.14186401536387203,False
13,100.0,1.2848069556805188,0.38432923226415416,0.18725676270717645,0.08931986487728072,0.5031851778004883,0.48977959866592374,0.38432923226415416,False
13,1000.0,2.6347280138486195,1.6100792870426104,0.3680142266139745,0.3081182534886981,0.9523149614836564,1.1746509484955117,0.9523149614836564,False
13,10000.0,3.5971242173874955,2.427406881006214,0.49109817156256785,0.4687657394325,1.1304020434736983,1.622959410572495,1.1304020434736983,False
14,0.0001,7.19256293672324,0.14264664674183897,0.5145604534985451,0.3278967173759233,0.719508131096621,1.7794349770872337,0.5145604534985451,False
14,0.001,7.145413699079403,0.1408710104283118,0.5005726602593121,0.3191273216592366,0.7051140186796961,1.7622197420211918,0.5005726602593121,False
14,0.01,6.717393799919442,0.1271692096251203,0.3973485470388039,0.2585196049813882,0.6004010214211453,1.6201664365971797,0.3973485470388039,False
14,0.1,4.535970003143348,0.07794666362912654,0.1657053164697911,0.12228881108825033,0.29812198607443985,1.040006556080991,0.1657053164697911,False
14,1.0,1.7893850324858154,0.06892896576642296,0.10975557307691283,0.06740254328708388,0.13222243288993676,0.4335389095012344,0.10975557307691283,False
14,10.0,1.1239455866322656,0.15623570597483333,0.13206230278934594,0.07853663618262766,0.14605246203525038,0.3273665387228646,0.14605246203525038,False
14,100.0,1.2631725504296512,0.4040197138914749,0.1716203275463608,0.12482411559632575,0.49441028264164666,0.4916093980210919,0.4040197138914749,False
14,1000.0,2.5655767805435983,1.653750923445866,0.3416790297502007,0.4031015415735638,0.9430288454634465,1.181427424155335,0.9430288454634465,False
14,10000.0,3.4364407558991608,2.4627884028929348,0.4550431631926245,0.5908929453771652,1.1166523940538466,1.6123635322831464,1.1166523940538466,False
15,0.0001,2.696411164824588,0.14566471718176194,0.8126915071090559,0.3119174570171264,0.6995330033866475,0.933243569903836,0.6995330033866475,False
15,0.001,2.6817398308056015,0.14204550710442607,0.7904910873443706,0.30495747725088385,0.6883576579415567,0.9215183120893677,0.6883576579415567,False
15,0.01,2.5538638631184356,0.11753663144268048,0.6355074655389339,0.253295478918053,0.6016884716799829,0.8323783821396171,0.6016884716799829,False
15,0.1,1.9013619890128794,0.06876666322128815,0.22348003615290568,0.11372836672751689,0.2857828228075979,0.5186239755844376,0.22348003615290568,False
15,1.0,1.0503196615450778,0.058057160540863385,0.14706196025533372,0.058240926297131665,0.09795081725603191,0.28232610517888773,0.09795081725603191,False
15,10.0,0.9899979989068685,0.1413912985768504,0.14795077797377304,0.07576670458604397,0.16329925998014178,0.3036812080047355,0.14795077797377304,False
15,100.0,1.251055537943906,0.44602964847260135,0.17953494010041487,0.10877768838716986,0.5115706400171887,0.4993936909842562,0.44602964847260135,False
15,1000.0,2.5020753069973365,1.9491433598417962,0.36367241599075206,0.3406676569463638,0.9361223237638656,1.2183362127080228,0.9361223237638656,False
15,10000.0,3.4503705771539948,2.9453824535410402,0.4861436196040346,0.5183967496582024,1.116525602019673,1.703363800395389,1.116525602019673,False
16,0.0001,3.00626976563041,0.19666090871360004,0.3344179752237607,0.11968616407588958,0.7717451164787443,0.8857559860244809,0.3344179752237607,False
16,0.001,2.978394752781878,0.19410347151102986,0.3307016983468863,0.11576774156047087,0.7579583332304087,0.8753851994861348,0.3307016983468863,False
16,0.01,2.7347150703317027,0.17316620393067866,0.30181738140799624,0.09091116074947436,0.6537990896978847,0.7908817812235472,0.30181738140799624,False
16,0.1,1.7338890788640076,0.09739865631850192,0.2059315944801629,0.04846486775809687,0.31045190351786206,0.47922722018772623,0.2059315944801629,False
16,1.0,1.0786115988080482,0.0680962198378591,0.1466008848275503,0.026738542219661897,0.12368234604639845,0.28874591834790364,0.12368234604639845,False
16,10.0,1.1251192037018707,0.16759327491085368,0.14801465612631703,0.02414513150941976,0.17394068897126952,0.32776259104394617,0.16759327491085368,False
16,100.0,1.2210553307855072,0.4410334092901008,0.1885956544961632,0.06607815704163214,0.5240281696094723,0.48815814424457515,0.4410334092901008,False
16,1000.0,2.492296068690359,1.6666462049372623,0.40358203469244724,0.2698024676209193,1.0467744671680528,1.1758202486218081,1.0467744671680528,False
16,10000.0,3.748765830624842,2.4229228988400746,0.5416384565959605,0.4066755665808374,1.26268626748285,1.6765378040249128,1.26268626748285,False
17,0.0001,4.273742849343162,0.2561961149816856,0.2745221670707652,0.32230242666523606,0.9651624417415027,1.2183851999604705,0.32230242666523606,False
17,0.001,4.215839736505862,0.2511879827452729,0.2727180235079386,0.3135687806555412,0.9357386340723014,1.1978106314973833,0.3135687806555412,False
17,0.01,3.7680756836487297,0.21685225051999524,0.2567823424580453,0.25373185361809314,0.7521370217508814,1.049515830399149,0.2567823424580453,False
17,0.1,2.2374204210123687,0.11731073319187908,0.17146200850967813,0.12214931152424831,0.35175306218258096,0.6000191072841511,0.17146200850967813,False
17,1.0,1.0068231808392658,0.05348182827309682,0.10391154345086977,0.0607994097963796,0.11664870905145144,0.26833293428221267,0.10391154345086977,False
17,10.0,0.9954964738865305,0.13197146190512893,0.1314096931457382,0.05937424978386716,0.14049500858559325,0.29174937746137164,0.13197146190512893,False
17,100.0,1.2917209150371352,0.36556705753171437,0.18057726190792525,0.09200133292321794,0.508097409390356,0.48759279535806976,0.36556705753171437,False
17,1000.0,2.617284696170269,1.531053441758583,0.3701055946855459,0.33362732244686816,0.9869654459744128,1.1678073002071359,0.9869654459744128,False
17,10000.0,3.5579467602033765,2.307530108340388,0.4947870308973695,0.5037369849945039,1.1828525347901724,1.609370683845162,1.1828525347901724,False
18,0.0001,17.143227706934347,0.26268920207252444,0.5158279290994179,0.4899432778658757,0.6389660963680592,3.8101308424680456,0.5158279290994179,False
18,0.001,16.94534264612208,0.25454796325062634,0.5069910007582418,0.47843080863057325,0.6182414041360642,3.7607107645795166,0.5069910007582418,False
18,0.01,15.188436339465051,0.20246338618829487,0.44037195602553847,0.3952040807692735,0.4889092769620351,3.3430770078820387,0.44037195602553847,False
18,0.1,6.892871450792413,0.0969448287564473,0.20919370731580583,0.19201979999751492,0.2128464595487194,1.52077524928218,0.20919370731580583,False
18,1.0,0.5634612752774701,0.06239152169008004,0.10063195621484189,0.08594760166991042,0.07873844583233165,0.17823416013692683,0.08594760166991042,False
18,10.0,0.9717850645218157,0.14234681098136986,0.13427859661920022,0.05611669036271595,0.12273427603483256,0.28545228770398684,0.13427859661920022,False
18,100.0,1.5329545641431426,0.3691530054721258,0.17149307145305975,0.08324520519307427,0.4502822841427402,0.5214256260808285,0.3691530054721258,False
18,1000.0,2.8731279487731665,1.534258368434139,0.3592481520593708,0.3093864682126187,0.9224356855857492,1.1996913246130088,0.9224356855857492,False
18,10000.0,3.7274539669221824,2.3205864256541373,0.483541899291329,0.46556360745211334,1.0894385117332595,1.6173168822106043,1.0894385117332595,False
19,0.0001,4.002541409279528,0.14434493338438614,0.611035381253183,0.543330477201279,0.7472914600102648,1.2097087322257285,0.611035381253183,False
19,0.001,3.951529811159338,0.14194024466162308,0.5963721522115331,0.5250294351993622,0.7252214992417654,1.1880186284947243,0.5963721522115331,False
19,0.01,3.524413727343256,0.12445111236223408,0.4887759848621471,0.39673900993813177,0.5878055536283402,1.0244370776268217,0.4887759848621471,False
19,0.1,1.989261430407094,0.0774957478008663,0.20344516762854675,0.14348032939708805,0.28006661167244973,0.5387498573812091,0.20344516762854675,False
19,1.0,0.7997602664204828,0.06349102423523753,0.10557224694659526,0.06123188578509834,0.09832678962019079,0.22567644260152092,0.09832678962019079,False
19,10.0,0.9610415530857417,0.12638615250551066,0.1360287232020511,0.0578069696002408,0.13120743615634833,0.28249416690997853,0.13120743615634833,False
19,100.0,1.2382566652692846,0.36447885786485346,0.1761938134469486,0.08976212925773927,0.47205811009989046,0.4681499151877433,0.36447885786485346,False
19,1000.0,2.526086389135133,1.5925895943002217,0.35473105152555007,0.3148509131991139,0.9625874267374155,1.1501690749794866,0.9625874267374155,False
19,10000.0,3.4856853735396554,2.4057920827717476,0.47392377517759743,0.4752939842276332,1.1896090098637615,1.6060608451160792,1.1896090098637615,False
20,0.0001,11.74216452885843,0.36685668256643117,0.44321962937762294,0.40287089358890443,0.26907721183003275,2.644837789244284,0.40287089358890443,False
20,0.001,11.646271143768146,0.3570507032292163,0.4340830526050632,0.3910881589573297,0.2619489058686926,2.6180883928856895,0.3910881589573297,False
20,0.01,10.810561358152821,0.2883262892587009,0.3638250875311412,0.30906080251540285,0.22065195605092186,2.3984850987017974,0.30906080251540285,False
20,0.1,6.279172738002672,0.14380675318008224,0.14793640473757613,0.12338815067087032,0.12983528827140497,1.3648278669725213,0.14380675318008224,False
20,1.0,1.2418793021793189,0.08718725270747626,0.1211036304709909,0.054632083479548954,0.05897210596717141,0.31275487496090126,0.08718725270747626,False
20,10.0,0.9966978284343284,0.14071212648206788,0.17131308273818785,0.059897504648481294,0.08724493187454668,0.29117309483552245,0.14071212648206788,False
20,100.0,1.2915779892293846,0.3688994811388303,0.19406544808093826,0.09659856781651266,0.2592850369882288,0.4420853046507789,0.2592850369882288,False
20,1000.0,2.6257167776951227,1.5495721466436718,0.37577778131542316,0.32569431951413685,0.5138254461608008,1.078117294265831,0.5138254461608008,False
20,10000.0,3.795487924304505,2.346934031808177,0.5075938192235696,0.49087141102506315,0.6618434466476171,1.5605461266017864,0.6618434466476171,False
