method,outer_fold,optimizer_seed,best_fitness,best_evaluation_index,hidden_size,num_layers,dropout,learning_rate,weight_decay,parameter_count,cache_hits,penalty_candidates,penalty_folds,best_penalty_folds,nonfinite_fold_losses,outer_test_used
bayesian_optimization,1,20260811,0.10160593539476395,17,512,1,0.0,0.0043029030556862085,0.0005944062555930355,804357,0,0,0,0,0,False
bayesian_optimization,1,20260812,0.10531801879405975,14,512,1,0.0,0.004038678116554615,7.057813176964414e-06,804357,0,0,0,0,0,False
bayesian_optimization,1,20260813,0.10617147833108902,8,512,1,0.0,0.004061827453576272,3.472528536168133e-06,804357,0,0,0,0,0,False
bayesian_optimization,2,20260811,0.19738887399435043,9,512,1,0.0,0.004713706525595626,0.00024875067712956406,804357,0,0,0,0,0,False
bayesian_optimization,2,20260812,0.21626800522208214,23,384,2,0.0,0.0006106885594914512,1.123834991842355e-06,1342853,0,0,0,0,0,False
bayesian_optimization,2,20260813,0.2154236726462841,20,512,1,0.0,0.004927344666192484,2.7425455208043364e-05,804357,0,0,0,0,0,False
bayesian_optimization,3,20260811,0.20231765359640122,20,512,1,0.0,0.004915453381315097,0.0003188626534983423,804357,0,0,0,0,0,False
bayesian_optimization,3,20260812,0.2714881159365177,30,512,3,0.2,0.00010576143478263758,3.708919732802448e-05,3956229,0,0,0,0,0,False
bayesian_optimization,3,20260813,0.20581089630722998,8,512,1,0.0,0.0027304915675756087,3.123150021042613e-06,804357,0,0,0,0,0,False
bayesian_optimization,4,20260811,0.19602731615304947,23,512,1,0.0,0.0025030581608423796,2.4594561588000768e-05,804357,0,0,0,0,0,False
bayesian_optimization,4,20260812,0.20019398406147956,22,512,1,0.0,0.001722653415535744,1.2076279956858573e-06,804357,0,0,0,0,0,False
bayesian_optimization,4,20260813,0.19538626596331596,27,512,1,0.0,0.0020922060647945917,1.5092272637587613e-05,804357,0,0,0,0,0,False
bayesian_optimization,5,20260811,0.21982441768050193,12,512,1,0.0,0.0018750812093601295,9.105555381458206e-06,804357,0,0,0,0,0,False
bayesian_optimization,5,20260812,0.23446144759655,14,512,2,0.0,0.0008946151100949383,6.599872525764251e-06,2380293,0,0,0,0,0,False
bayesian_optimization,5,20260813,0.2247857391834259,24,512,1,0.0,0.002557204497227595,1.3024910532256026e-06,804357,0,0,0,0,0,False
bayesian_optimization,6,20260811,0.21206403002142907,24,512,1,0.0,0.002439863232185684,1.4087453125147148e-06,804357,0,0,0,0,0,False
bayesian_optimization,6,20260812,0.2033240392804146,15,512,2,0.0,0.0007634772504332132,7.453811251470062e-06,2380293,0,0,0,0,0,False
bayesian_optimization,6,20260813,0.2037648033350706,14,512,2,0.4,0.00094282044244778,1.4267143991068778e-06,2380293,0,0,0,0,0,False
bayesian_optimization,7,20260811,0.22861265912652015,9,320,1,0.0,0.004524871429362826,0.0005497678713641875,318405,0,1,1,0,0,False
bayesian_optimization,7,20260812,0.20117843933403493,15,512,2,0.0,0.0007634772504332132,7.453811251470062e-06,2380293,0,0,0,0,0,False
bayesian_optimization,7,20260813,0.2011757805943489,13,384,2,0.4,0.0009339524548338419,1.2817441460172371e-06,1342853,0,0,0,0,0,False
bayesian_optimization,8,20260811,0.24225024916231633,26,384,1,0.0,0.0037637434088814976,0.0007864992052076993,455813,0,0,0,0,0,False
bayesian_optimization,8,20260812,0.23300817087292672,21,512,1,0.0,0.003436854131068075,7.724209971899899e-05,804357,0,0,0,0,0,False
bayesian_optimization,8,20260813,0.24237870723009108,20,512,1,0.0,0.00255928174813434,4.549844636099148e-06,804357,0,0,0,0,0,False
bayesian_optimization,9,20260811,0.19307988174259663,10,384,1,0.0,0.004994753909188747,0.0005916325288302083,455813,0,0,0,0,0,False
bayesian_optimization,9,20260812,0.2098547823727131,29,512,2,0.0,0.0009231515054601886,0.0001501302840587343,2380293,0,0,0,0,0,False
bayesian_optimization,9,20260813,0.1909136228263378,29,512,1,0.0,0.0018566487223815693,2.302968385854683e-06,804357,0,0,0,0,0,False
bayesian_optimization,10,20260811,0.19712745696306228,19,512,1,0.0,0.004445033002149197,7.23871071699529e-05,804357,0,0,0,0,0,False
bayesian_optimization,10,20260812,0.20987260788679124,19,512,2,0.0,0.0007444419539309944,3.1221079520009595e-06,2380293,0,0,0,0,0,False
bayesian_optimization,10,20260813,0.21043317764997482,14,512,2,0.4,0.00094282044244778,1.4267143991068778e-06,2380293,0,0,0,0,0,False
bayesian_optimization,11,20260811,0.18607649803161622,17,512,1,0.0,0.0016027234171971908,0.000170294434157679,804357,0,0,0,0,0,False
bayesian_optimization,11,20260812,0.20256782434880732,17,512,2,0.4,0.0007108361322616196,1.5577134116078789e-06,2380293,0,0,0,0,0,False
bayesian_optimization,11,20260813,0.19977976903319358,11,512,2,0.4,0.0008696005879210416,5.7255285251128516e-06,2380293,0,1,1,0,0,False
bayesian_optimization,12,20260811,0.19998875111341477,15,320,1,0.0,0.004758249588083352,9.753581658272523e-05,318405,0,0,0,0,0,False
bayesian_optimization,12,20260812,0.22222655415534973,14,512,2,0.0,0.0006989933676729048,2.5893313054839462e-06,2380293,0,0,0,0,0,False
bayesian_optimization,12,20260813,0.22533267475664615,26,512,2,0.4,0.000899277888665798,3.585022468214995e-06,2380293,0,0,0,0,0,False
bayesian_optimization,13,20260811,0.18128001429140567,17,512,1,0.0,0.0029482586684257787,0.00014499007353392532,804357,0,0,0,0,0,False
bayesian_optimization,13,20260812,0.20859991759061813,19,512,2,0.0,0.0008527925481983075,0.00046753678660766437,2380293,0,0,0,0,0,False
bayesian_optimization,13,20260813,0.1918256975710392,15,512,1,0.0,0.002757817089359163,1.041382693356071e-06,804357,0,0,0,0,0,False
bayesian_optimization,14,20260811,0.21035656109452247,20,384,1,0.0,0.004857453319448201,1.0814573599508537e-05,455813,0,0,0,0,0,False
bayesian_optimization,14,20260812,0.21152069866657258,22,512,2,0.3,0.0008121432638447957,1.008090125146921e-06,2380293,0,0,0,0,0,False
bayesian_optimization,14,20260813,0.20647992715239524,17,512,2,0.0,0.0009026740293759706,1.855966900689319e-06,2380293,0,0,0,0,0,False
bayesian_optimization,15,20260811,0.19990132078528405,8,512,1,0.0,0.004949538594872876,0.00016793685796765562,804357,0,0,0,0,0,False
bayesian_optimization,15,20260812,0.21326534822583199,15,512,2,0.0,0.0007634772504332132,7.453811251470062e-06,2380293,0,0,0,0,0,False
bayesian_optimization,15,20260813,0.21413086354732513,13,384,1,0.0,0.0031630824757180437,1.3601028185102782e-06,455813,0,0,0,0,0,False
bayesian_optimization,16,20260811,0.20722958333790303,24,512,1,0.0,0.0017517476761986187,2.0936648282779093e-05,804357,0,0,0,0,0,False
bayesian_optimization,16,20260812,0.20549054853618146,22,512,1,0.0,0.0015960849700554266,1.0847019765649444e-06,804357,0,0,0,0,0,False
bayesian_optimization,16,20260813,0.20634959749877452,28,512,1,0.0,0.0015937216833789342,2.8323351292087e-06,804357,0,0,0,0,0,False
bayesian_optimization,17,20260811,0.23990354016423227,18,512,1,0.0,0.003636085589583036,0.0006865075508125366,804357,0,0,0,0,0,False
bayesian_optimization,17,20260812,0.20824534446001053,29,512,2,0.1,0.0008130073646365622,0.00036426838579144355,2380293,0,0,0,0,0,False
bayesian_optimization,17,20260813,0.21060294955968856,14,512,2,0.4,0.00094282044244778,1.4267143991068778e-06,2380293,0,0,0,0,0,False
bayesian_optimization,18,20260811,0.1521835595369339,8,320,1,0.0,0.0045958914406442385,0.00038960513063018674,318405,0,0,0,0,0,False
bayesian_optimization,18,20260812,0.16164675150066615,30,512,2,0.0,0.0021766709784145893,0.0006962885821173182,2380293,0,0,0,0,0,False
bayesian_optimization,18,20260813,0.18557670414447786,26,320,2,0.2,0.0028803724920650046,1.7616040153883645e-05,934725,0,0,0,0,0,False
bayesian_optimization,19,20260811,0.21615784466266633,9,320,1,0.0,0.004979616886212904,4.736115509763203e-05,318405,0,0,0,0,0,False
bayesian_optimization,19,20260812,0.19890387840569018,26,512,2,0.0,0.0007567768638097836,0.0005848871139578307,2380293,0,0,0,0,0,False
bayesian_optimization,19,20260813,0.20298871882259845,14,512,2,0.4,0.00094282044244778,1.4267143991068778e-06,2380293,0,0,0,0,0,False
bayesian_optimization,20,20260811,0.18429190218448638,11,512,1,0.0,0.0030551014185326566,2.1456720846418502e-06,804357,0,0,0,0,0,False
bayesian_optimization,20,20260812,0.17370187044143676,27,512,1,0.0,0.0022133883724883546,1.6886653388542236e-05,804357,0,0,0,0,0,False
bayesian_optimization,20,20260813,0.1816705971956253,29,320,1,0.0,0.0032365309062194693,0.00021602911069014066,318405,0,0,0,0,0,False
improved_gwo,1,20260811,0.115254607796669,24,512,2,0.3,0.001179601170056728,0.00013026516056643944,2380293,3,0,0,0,0,False
improved_gwo,1,20260812,0.1104189172387123,12,512,2,0.3,0.002123218514536621,5.314150134214065e-05,2380293,3,0,0,0,0,False
improved_gwo,1,20260813,0.13561228066682815,6,320,2,0.0,0.003743833507287047,0.00015070757672200086,934725,3,0,0,0,0,False
improved_gwo,2,20260811,0.21418965756893157,26,384,2,0.2,0.001018714767801008,5.3491258773642774e-06,1342853,3,0,0,0,0,False
improved_gwo,2,20260812,0.22699118591845036,21,512,2,0.2,0.0008438733836962425,0.00018593647865367382,2380293,3,0,0,0,0,False
improved_gwo,2,20260813,0.21435413733124734,21,384,2,0.3,0.0008906451880606737,3.412854611376831e-06,1342853,3,0,0,0,0,False
improved_gwo,3,20260811,0.21823936328291893,19,384,2,0.0,0.0018642252506292586,8.597115032741786e-06,1342853,3,0,0,0,0,False
improved_gwo,3,20260812,0.24425409585237504,19,512,2,0.0,0.0004378358800518137,0.001,2380293,3,0,0,0,0,False
improved_gwo,3,20260813,0.2211155503988266,22,384,2,0.1,0.0010284801086257523,6.473718457794099e-06,1342853,3,0,0,0,0,False
improved_gwo,4,20260811,0.221870493888855,30,384,2,0.4,0.0012615571113065304,6.05417110403267e-06,1342853,3,0,0,0,0,False
improved_gwo,4,20260812,0.24408283531665803,6,512,3,0.2,0.00010981784829165543,0.0005243246218390786,3956229,3,0,0,0,0,False
improved_gwo,4,20260813,0.2248699463903904,26,384,2,0.2,0.0009082733459287649,4.482959699267001e-06,1342853,3,0,0,0,0,False
improved_gwo,5,20260811,0.22668419033288956,26,384,2,0.3,0.0012067096080637574,8.65008896257596e-06,1342853,3,0,0,0,0,False
improved_gwo,5,20260812,0.27306577414274213,4,512,1,0.0,0.0021778689533019603,0.00010180000779252663,804357,3,0,0,0,0,False
improved_gwo,5,20260813,0.23227182999253274,21,384,2,0.3,0.0008748439058530592,2.7447080375663288e-06,1342853,3,0,0,0,0,False
improved_gwo,6,20260811,0.2029832608997822,15,512,2,0.0,0.0005674092111455028,0.001,2380293,3,0,0,0,0,False
improved_gwo,6,20260812,0.2030473906546831,21,512,2,0.3,0.0006949458193611508,0.000248123670016715,2380293,3,0,0,0,0,False
improved_gwo,6,20260813,0.20862196981906891,11,512,2,0.0,0.0006389392516596369,1e-06,2380293,3,0,0,0,0,False
improved_gwo,7,20260811,0.1957275725901127,15,512,2,0.0,0.0005674092111455028,0.001,2380293,3,0,0,0,0,False
improved_gwo,7,20260812,0.20067235082387924,21,512,2,0.3,0.0006949458193611508,0.000248123670016715,2380293,3,0,0,0,0,False
improved_gwo,7,20260813,0.2075450111180544,17,512,2,0.1,0.0004931155180414174,7.960616743480217e-05,2380293,3,0,0,0,0,False
improved_gwo,8,20260811,0.2511228837072849,19,320,1,0.0,0.002270376471971493,1.1628559467535207e-05,318405,3,0,0,0,0,False
improved_gwo,8,20260812,0.24295880571007727,4,512,1,0.0,0.0021778689533019603,0.00010180000779252663,804357,3,0,0,0,0,False
improved_gwo,8,20260813,0.33377726301550864,24,512,2,0.3,0.00037029228792694665,8.851149058069604e-06,2380293,3,0,0,0,0,False
improved_gwo,9,20260811,0.21298529729247093,15,512,2,0.1,0.0005334273846182367,0.001,2380293,3,0,0,0,0,False
improved_gwo,9,20260812,0.24148230105638505,19,512,2,0.0,0.00037196272398115984,0.001,2380293,3,0,0,0,0,False
improved_gwo,9,20260813,0.21388758681714534,11,512,2,0.0,0.0007807160308457086,2.4505463620765514e-06,2380293,3,0,0,0,0,False
improved_gwo,10,20260811,0.2078738570213318,15,512,2,0.0,0.0005674092111455028,0.001,2380293,3,0,0,0,0,False
improved_gwo,10,20260812,0.2342979833483696,19,512,2,0.0,0.00037196272398115984,0.001,2380293,3,0,0,0,0,False
improved_gwo,10,20260813,0.2169135555624962,11,512,2,0.1,0.00046500613489309096,1.7584083176010905e-05,2380293,3,0,0,0,0,False
improved_gwo,11,20260811,0.2018553741276264,18,512,2,0.2,0.0006203612629010915,3.3651002346381356e-05,2380293,3,0,0,0,0,False
improved_gwo,11,20260812,0.19943155609071256,21,512,2,0.3,0.0006949458193611508,0.000248123670016715,2380293,3,0,0,0,0,False
improved_gwo,11,20260813,0.2054567601531744,11,512,2,0.1,0.0005094330152209379,5.857064162267314e-06,2380293,3,0,0,0,0,False
improved_gwo,12,20260811,0.19779521226882935,19,512,1,0.0,0.0020868614038249828,1.3970650202574943e-05,804357,3,0,0,0,0,False
improved_gwo,12,20260812,0.23101390153169632,12,512,2,0.3,0.0020575733387514184,0.00012042218780899627,2380293,3,0,0,0,0,False
improved_gwo,12,20260813,0.2230403408408165,21,384,2,0.2,0.0009874142353586783,7.433188896638199e-06,1342853,3,0,0,0,0,False
improved_gwo,13,20260811,0.20767451152205468,24,512,2,0.2,0.0009599180619654236,0.0005595782123303679,2380293,3,1,1,0,0,False
improved_gwo,13,20260812,0.1861501857638359,4,512,1,0.0,0.0021778689533019603,0.00010180000779252663,804357,3,0,0,0,0,False
improved_gwo,13,20260813,0.21398219726979734,11,512,2,0.0,0.0007807160308457086,2.4505463620765514e-06,2380293,3,0,0,0,0,False
improved_gwo,14,20260811,0.2042803332209587,24,512,2,0.2,0.0009006700127817787,0.001,2380293,3,0,0,0,0,False
improved_gwo,14,20260812,0.2263537123799324,11,512,2,0.3,0.00035299851608681845,6.204490126860288e-05,2380293,3,0,0,0,0,False
improved_gwo,14,20260813,0.2100701630115509,11,512,2,0.0,0.0007807160308457086,2.4505463620765514e-06,2380293,3,0,0,0,0,False
improved_gwo,15,20260811,0.21813580691814421,25,512,2,0.2,0.0005893962391614826,4.713236782569767e-06,2380293,3,0,0,0,0,False
improved_gwo,15,20260812,0.21448255516588688,21,512,2,0.3,0.0006949458193611508,0.000248123670016715,2380293,3,0,0,0,0,False
improved_gwo,15,20260813,0.22795127630233764,11,512,2,0.0,0.0013577348899388077,1e-06,2380293,3,0,0,0,0,False
improved_gwo,16,20260811,0.22643955554813147,11,512,2,0.4,0.0008702128175582891,1.2642629398309893e-06,2380293,3,0,0,0,0,False
improved_gwo,16,20260812,0.2099854949861765,4,512,1,0.0,0.0021778689533019603,0.00010180000779252663,804357,3,0,0,0,0,False
improved_gwo,16,20260813,0.23495718501508236,17,512,2,0.1,0.00044443024541859945,1e-06,2380293,3,0,0,0,0,False
improved_gwo,17,20260811,0.2129408035427332,26,512,2,0.3,0.0006551696349900857,0.00017801710452413182,2380293,3,0,0,0,0,False
improved_gwo,17,20260812,0.23398574367165564,12,512,2,0.3,0.0020575733387514184,0.00012042218780899627,2380293,3,0,0,0,0,False
improved_gwo,17,20260813,0.2089608319103718,11,512,2,0.0,0.0007807160308457086,2.4505463620765514e-06,2380293,3,0,0,0,0,False
improved_gwo,18,20260811,0.16598953641951084,19,512,2,0.2,0.0017733968026015067,6.150917330593129e-06,2380293,3,0,0,0,0,False
improved_gwo,18,20260812,0.17680212073028087,12,512,2,0.3,0.0020575733387514184,0.00012042218780899627,2380293,3,0,0,0,0,False
improved_gwo,18,20260813,0.21701765209436416,6,320,2,0.0,0.003743833507287047,0.00015070757672200086,934725,3,0,0,0,0,False
improved_gwo,19,20260811,0.20902977809309958,22,384,2,0.2,0.0008692436203638845,5.60189055846637e-05,1342853,3,0,0,0,0,False
improved_gwo,19,20260812,0.18145452365279197,4,512,1,0.0,0.0021778689533019603,0.00010180000779252663,804357,3,0,0,0,0,False
improved_gwo,19,20260813,0.21846842691302298,11,512,2,0.0,0.0013577348899388077,1e-06,2380293,3,0,0,0,0,False
improved_gwo,20,20260811,0.2198251124471426,15,512,2,0.2,0.0005741992119221679,0.001,2380293,3,0,0,0,0,False
improved_gwo,20,20260812,0.1776064984500408,4,512,1,0.0,0.0021778689533019603,0.00010180000779252663,804357,3,0,0,0,0,False
improved_gwo,20,20260813,0.23052172921597958,11,512,2,0.1,0.0005814215282584255,5.5861844350086765e-06,2380293,3,0,0,0,0,False
random_search,1,20260811,0.1175771951675415,22,512,1,0.0,0.0014217159692230202,0.0003405197430893043,804357,0,0,0,0,0,False
random_search,1,20260812,0.15420301258563995,8,512,1,0.0,0.0006072293663885876,1.6522462584725166e-06,804357,0,0,0,0,0,False
random_search,1,20260813,0.12085854262113571,14,512,2,0.2,0.0007525486830658387,3.018128356876732e-06,2380293,0,0,0,0,0,False
random_search,2,20260811,0.23528023809194565,23,320,2,0.1,0.0007312227925414011,2.9830987897566364e-05,934725,0,0,0,0,0,False
random_search,2,20260812,0.26314226910471916,21,224,2,0.3,0.002181527126004962,0.00039639694926533255,460773,0,0,0,0,0,False
random_search,2,20260813,0.22160402238368987,21,320,1,0.0,0.003132300112476501,3.7620576179057654e-05,318405,0,0,0,0,0,False
random_search,3,20260811,0.2441529482603073,23,320,2,0.1,0.0007312227925414011,2.9830987897566364e-05,934725,0,0,0,0,0,False
random_search,3,20260812,0.2650607004761696,9,160,1,0.0,0.0026433985573806095,0.00048688363961443023,82405,0,0,0,0,0,False
random_search,3,20260813,0.23089113757014273,21,320,1,0.0,0.003132300112476501,3.7620576179057654e-05,318405,0,0,0,0,0,False
random_search,4,20260811,0.24256783574819565,23,320,2,0.1,0.0007312227925414011,2.9830987897566364e-05,934725,0,0,0,0,0,False
random_search,4,20260812,0.255333649367094,16,384,1,0.0,0.0010873182415588897,2.1048208140819806e-06,455813,0,0,0,0,0,False
random_search,4,20260813,0.21599202714860438,21,320,1,0.0,0.003132300112476501,3.7620576179057654e-05,318405,0,0,0,0,0,False
random_search,5,20260811,0.2532747656106949,23,320,2,0.1,0.0007312227925414011,2.9830987897566364e-05,934725,0,0,0,0,0,False
random_search,5,20260812,0.2780761748552322,9,160,1,0.0,0.0026433985573806095,0.00048688363961443023,82405,0,0,0,0,0,False
random_search,5,20260813,0.23746101334691047,14,512,2,0.2,0.0007525486830658387,3.018128356876732e-06,2380293,0,0,0,0,0,False
random_search,6,20260811,0.23205191418528556,23,320,2,0.1,0.0007312227925414011,2.9830987897566364e-05,934725,0,0,0,0,0,False
random_search,6,20260812,0.25856669545173644,16,384,1,0.0,0.0010873182415588897,2.1048208140819806e-06,455813,0,0,0,0,0,False
random_search,6,20260813,0.1953645519912243,21,320,1,0.0,0.003132300112476501,3.7620576179057654e-05,318405,0,0,0,0,0,False
random_search,7,20260811,0.22611249573528766,23,320,2,0.1,0.0007312227925414011,2.9830987897566364e-05,934725,0,0,0,0,0,False
random_search,7,20260812,0.25448534786701205,9,160,1,0.0,0.0026433985573806095,0.00048688363961443023,82405,0,0,0,0,0,False
random_search,7,20260813,0.18390546701848506,21,320,1,0.0,0.003132300112476501,3.7620576179057654e-05,318405,0,0,0,0,0,False
random_search,8,20260811,0.2347114972770214,19,512,1,0.0,0.0034707645021716704,0.0009425309681041228,804357,0,0,0,0,0,False
random_search,8,20260812,0.2844175033271313,9,160,1,0.0,0.0026433985573806095,0.00048688363961443023,82405,0,0,0,0,0,False
random_search,8,20260813,0.24351103007793426,21,320,1,0.0,0.003132300112476501,3.7620576179057654e-05,318405,0,0,0,0,0,False
random_search,9,20260811,0.22850687690079213,19,512,1,0.0,0.0034707645021716704,0.0009425309681041228,804357,0,0,0,0,0,False
random_search,9,20260812,0.26976534724235535,16,384,1,0.0,0.0010873182415588897,2.1048208140819806e-06,455813,0,0,0,0,0,False
random_search,9,20260813,0.18512615635991098,21,320,1,0.0,0.003132300112476501,3.7620576179057654e-05,318405,0,0,0,0,0,False
random_search,10,20260811,0.2373438235372305,19,512,1,0.0,0.0034707645021716704,0.0009425309681041228,804357,0,0,0,0,0,False
random_search,10,20260812,0.2654704496264458,16,384,1,0.0,0.0010873182415588897,2.1048208140819806e-06,455813,0,0,0,0,0,False
random_search,10,20260813,0.19203950762748717,21,320,1,0.0,0.003132300112476501,3.7620576179057654e-05,318405,0,0,0,0,0,False
random_search,11,20260811,0.18560178987681866,22,512,1,0.0,0.0014217159692230202,0.0003405197430893043,804357,0,0,0,0,0,False
random_search,11,20260812,0.2620011633262038,16,384,1,0.0,0.0010873182415588897,2.1048208140819806e-06,455813,0,0,0,0,0,False
random_search,11,20260813,0.20135742090642453,14,512,2,0.2,0.0007525486830658387,3.018128356876732e-06,2380293,0,0,0,0,0,False
random_search,12,20260811,0.252732415497303,23,320,2,0.1,0.0007312227925414011,2.9830987897566364e-05,934725,0,0,0,0,0,False
random_search,12,20260812,0.27984561771154404,8,512,1,0.0,0.0006072293663885876,1.6522462584725166e-06,804357,0,0,0,0,0,False
random_search,12,20260813,0.20584416687488555,21,320,1,0.0,0.003132300112476501,3.7620576179057654e-05,318405,0,0,0,0,0,False
random_search,13,20260811,0.24258814454078675,23,320,2,0.1,0.0007312227925414011,2.9830987897566364e-05,934725,0,0,0,0,0,False
random_search,13,20260812,0.27069287598133085,9,160,1,0.0,0.0026433985573806095,0.00048688363961443023,82405,0,0,0,0,0,False
random_search,13,20260813,0.19100726395845413,21,320,1,0.0,0.003132300112476501,3.7620576179057654e-05,318405,0,0,0,0,0,False
random_search,14,20260811,0.22564259953796864,19,512,1,0.0,0.0034707645021716704,0.0009425309681041228,804357,0,0,0,0,0,False
random_search,14,20260812,0.2659525513648987,9,160,1,0.0,0.0026433985573806095,0.00048688363961443023,82405,0,0,0,0,0,False
random_search,14,20260813,0.19161177352070807,21,320,1,0.0,0.003132300112476501,3.7620576179057654e-05,318405,0,0,0,0,0,False
random_search,15,20260811,0.2455306187272072,19,512,1,0.0,0.0034707645021716704,0.0009425309681041228,804357,0,0,0,0,0,False
random_search,15,20260812,0.28985356390476225,9,160,1,0.0,0.0026433985573806095,0.00048688363961443023,82405,0,0,0,0,0,False
random_search,15,20260813,0.20826024413108826,21,320,1,0.0,0.003132300112476501,3.7620576179057654e-05,318405,0,0,0,0,0,False
random_search,16,20260811,0.24654372781515121,19,512,1,0.0,0.0034707645021716704,0.0009425309681041228,804357,0,0,0,0,0,False
random_search,16,20260812,0.2748467713594437,16,384,1,0.0,0.0010873182415588897,2.1048208140819806e-06,455813,0,0,0,0,0,False
random_search,16,20260813,0.22390037216246128,14,512,2,0.2,0.0007525486830658387,3.018128356876732e-06,2380293,0,0,0,0,0,False
random_search,17,20260811,0.23874726071953772,23,320,2,0.1,0.0007312227925414011,2.9830987897566364e-05,934725,0,0,0,0,0,False
random_search,17,20260812,0.27152819409966467,9,160,1,0.0,0.0026433985573806095,0.00048688363961443023,82405,0,0,0,0,0,False
random_search,17,20260813,0.20881033018231393,21,320,1,0.0,0.003132300112476501,3.7620576179057654e-05,318405,0,0,0,0,0,False
random_search,18,20260811,0.24606385082006454,23,320,2,0.1,0.0007312227925414011,2.9830987897566364e-05,934725,0,0,0,0,0,False
random_search,18,20260812,0.28361446782946587,9,160,1,0.0,0.0026433985573806095,0.00048688363961443023,82405,0,0,0,0,0,False
random_search,18,20260813,0.16397647187113762,21,320,1,0.0,0.003132300112476501,3.7620576179057654e-05,318405,0,0,0,0,0,False
random_search,19,20260811,0.23192318752408028,23,320,2,0.1,0.0007312227925414011,2.9830987897566364e-05,934725,0,0,0,0,0,False
random_search,19,20260812,0.25895687863230704,9,160,1,0.0,0.0026433985573806095,0.00048688363961443023,82405,0,0,0,0,0,False
random_search,19,20260813,0.1820757392793894,21,320,1,0.0,0.003132300112476501,3.7620576179057654e-05,318405,0,0,0,0,0,False
random_search,20,20260811,0.1884462483227253,10,320,1,0.0,0.0017501479827680916,4.2991651514725154e-05,318405,0,0,0,0,0,False
random_search,20,20260812,0.28060245141386986,9,160,1,0.0,0.0026433985573806095,0.00048688363961443023,82405,0,0,0,0,0,False
random_search,20,20260813,0.17971720471978186,21,320,1,0.0,0.003132300112476501,3.7620576179057654e-05,318405,0,0,0,0,0,False
