model,target,unit,n_proteins,mae,mae_ci_low,mae_ci_high,rmse,rmse_ci_low,rmse_ci_high,r2,pearson,analysis_role
ridge_summary,rmsd,A,18,0.5958885420462479,0.27827932440731357,1.048366117339499,1.0566596645380513,0.3919802571578098,1.6792949416940817,0.4916372083837113,0.7053959018529206,original_frozen_primary
gru_fixed_h32,rmsd,A,18,0.5831320122306722,0.259158707462112,1.0713781222530914,1.0848725921172877,0.3622501541736981,1.7565079913353685,0.4641281154109048,0.7152476943388675,original_frozen_primary
gru_improved_gwo,rmsd,A,18,0.6331914954964848,0.30203114645440393,1.1268787940620117,1.1271848110280216,0.3898636506685004,1.8187797527524634,0.42151280164018623,0.6517787277204271,original_frozen_primary
ridge_summary,rg,A,16,0.3749947058869644,0.2530796894936783,0.5280717974998455,0.4704994962067493,0.30480619020170774,0.6565511382531222,0.9812055942121749,0.9908172419618574,original_frozen_primary
gru_fixed_h32,rg,A,16,1.1378536303737035,0.7481841625458692,1.7099303120251508,1.529445533778963,0.8255620218614754,2.295699589106771,0.8014004293918255,0.907464516818022,original_frozen_primary
gru_improved_gwo,rg,A,16,0.6586342123300023,0.3776945669455391,0.9887197499219402,0.9087608897462244,0.5040743193884111,1.2520635019022177,0.9298852273578327,0.967730629102063,original_frozen_primary
ridge_summary,sasa,A2,19,407.5086308069844,261.34843983513014,562.5896881535265,527.9922518691986,365.25858540558096,665.4524546601391,0.9786540384640258,0.9903064820224139,original_frozen_primary
gru_fixed_h32,sasa,A2,19,1071.1159225607369,639.5837897247563,1595.0208757104185,1513.8792630765763,835.5847940882088,2101.7226350138217,0.8245137458296973,0.9169254560273803,original_frozen_primary
gru_improved_gwo,sasa,A2,19,448.22402192916996,265.2187773141747,664.4792358509725,634.2047566005737,358.13356587311745,867.2900565828234,0.9692022057297941,0.9861663231301371,original_frozen_primary
ridge_summary,helix,fraction,20,0.014019585514743787,0.008744501485465505,0.02017578709428928,0.01915115107357431,0.012272637587915384,0.025075947342482932,0.9891016154362238,0.9945776140841439,original_frozen_primary
gru_fixed_h32,helix,fraction,20,0.041063604980514666,0.026702777016799174,0.05776892467959001,0.054621004154818235,0.03360949714024108,0.07452131172485423,0.9113473496016115,0.9573804966953222,original_frozen_primary
gru_improved_gwo,helix,fraction,20,0.02076175358970589,0.014610788829090952,0.027534889627550727,0.02568169819963515,0.017763528607224095,0.03250459232157907,0.9804016350722919,0.9902978708227752,original_frozen_primary
ridge_summary,strand,fraction,20,0.018524805393809397,0.013222071867247092,0.024337526663774558,0.022473745489667015,0.01635565209870649,0.028381041020967925,0.97880122258035,0.9893537194631414,original_frozen_primary
gru_fixed_h32,strand,fraction,20,0.04076713070148325,0.025516595078846564,0.061961415840424736,0.0585884964836802,0.03155000485802993,0.0874974619643179,0.8559263347875435,0.9271469697665242,original_frozen_primary
gru_improved_gwo,strand,fraction,20,0.019089124050028623,0.010933670623917893,0.029013215316709143,0.02837997353472524,0.014076143450419253,0.040446046810713725,0.9661947719014868,0.9841024031509613,original_frozen_primary
gru_fixed_h512,rmsd,A,18,0.5508453771362232,0.2591201601312915,1.0093752786151253,1.0102774439393274,0.33702946044453735,1.6456840369592978,0.5352870122123699,0.7795769659822092,review_high_capacity_control
gru_fixed_h512,rg,A,16,0.6566867174379414,0.3892385750521888,0.9425379137035828,0.867037247376343,0.5684066570503113,1.1290765350186929,0.9361757406481124,0.9710520361534344,review_high_capacity_control
gru_fixed_h512,sasa,A2,19,784.3109392453848,505.9288789997465,1092.8689074248869,1018.0698666122577,667.432546682395,1323.2298477435206,0.9206374177918495,0.9612455626176786,review_high_capacity_control
gru_fixed_h512,helix,fraction,20,0.03305588301553188,0.021822032757571497,0.04607161656072318,0.043025818331626914,0.027582959875182535,0.05851453557437121,0.9449913936245112,0.9727559364401784,review_high_capacity_control
gru_fixed_h512,strand,fraction,20,0.031717978839538745,0.018708154156225603,0.04927765926151113,0.04769777204595706,0.023230155940367193,0.07210684937683061,0.9045103974303053,0.9544436787165469,review_high_capacity_control
trained_mean,rmsd,A,18,1.092320181355682,0.6729885023910448,1.6567904980387689,1.5739158422415271,0.7802654793964078,2.3741260255811274,-0.1278893874725242,-0.9822026307050011,review_naive_baseline
last_value_persistence,rmsd,A,18,0.5245921071542434,0.29528759174665614,0.8567485794544195,0.8082080002613703,0.3831604163555218,1.2489533209766013,0.7025939582028833,0.9179900134218427,review_naive_baseline
trained_mean,rg,A,16,3.259626509551434,2.369831854013658,4.186238373772968,3.7457706949505005,2.8289133064360037,4.604103759196428,-0.19122184541080078,-0.9387495211372061,review_naive_baseline
last_value_persistence,rg,A,16,0.2738213757046485,0.1416302264775083,0.44660005609952885,0.414417133968912,0.1959937186232369,0.6233080899147674,0.9854190547326317,0.9938718224428723,review_naive_baseline
trained_mean,sasa,A2,19,3194.65395545428,2362.5650878793213,4186.693208316576,3799.5242958285776,2679.0801389673343,4889.3133422495775,-0.1053990207072848,-0.8818028491598439,review_naive_baseline
last_value_persistence,sasa,A2,19,185.96629644498177,109.73715390888808,286.88004159675313,271.7234483399968,137.38834518873603,403.8738206277754,0.9943465330389394,0.9973072344236745,review_naive_baseline
trained_mean,helix,fraction,20,0.14787251788263675,0.09591497365006674,0.20514978700573544,0.1947027646158,0.12531980184133992,0.25338059333911067,-0.12646214156023738,-0.9644875329396275,review_naive_baseline
last_value_persistence,helix,fraction,20,0.013367977454393299,0.007407337720254516,0.021186463508549077,0.020665722125161577,0.009531189490630018,0.03120950980837885,0.9873096519010627,0.9954425419218221,review_naive_baseline
trained_mean,strand,fraction,20,0.1356767719908729,0.09680113135960196,0.17701437860258934,0.16388762705884888,0.11736383508284139,0.2067256644580285,-0.12733303236076488,-0.9607513594864274,review_naive_baseline
last_value_persistence,strand,fraction,20,0.00972914482633167,0.005097646551569003,0.01692748101961149,0.017170554283783616,0.00645894118585188,0.02765876855861853,0.9876254752634238,0.9946982545802124,review_naive_baseline
